Name,Revenue_2022,Revenue(% change)_2022,Profits in millions_2022,Market value_2022,Employees_2022,Revenue_2021,Revenue(% change)_2021,Profits in millions_2021,Market value_2021,Employees_2021,Sector,City,State,Ceo_woman
Walmart,572754.0,2.4,13673.0,409795.0,"2,300,000",559151.0,0.067,13510.0,382642.8,2300000,Retailing,Bentonville,AR,no
Amazon,469822.0,21.7,33364.0,1658807.3,"1,608,000",386064.0,0.376,21331.0,1558069.6,1298000,Retailing,Seattle,WA,no
Apple,365817.0,33.3,94680.0,2849537.6,"154,000",274515.0,0.055,57411.0,2050665.9,147000,Technology,Cupertino,CA,no
CVS Health,292111.0,8.7,7910.0,132839.2,"258,000",268706.0,0.046,7179.0,98653.2,256500,Health Care,Woonsocket,RI,yes
UnitedHealth Group,287597.0,11.8,17285.0,479830.3,"350,000",257141.0,0.062,15403.0,351725.0,330000,Health Care,Minnetonka,MN,no
Exxon Mobil,285640.0,57.4,23040.0,349652.4,"63,000",181502.0,-0.315,-22440.0,236355.4,72000,Energy,Irving,TX,no
Berkshire Hathaway,276094.0,12.5,89795.0,779542.3,"372,000",245510.0,-0.036,42521.0,587823.0,360000,Financials,Omaha,NE,no
Alphabet,257637.0,41.2,76033.0,1842326.1,"156,500",182527.0,0.128,40269.0,1392561.8,135301,Technology,Mountain View,CA,no
McKesson,238228.0,3.1,-4539.0,45857.8,"67,500",231051.0,0.078,900.0,31044.0,70000,Health Care,Irving,TX,no
AmerisourceBergen,213988.8,12.7,1539.9,32355.7,"40,000",189893.9,0.057,-3408.7,24169.7,21500,Health Care,Conshohocken,PA,no
Costco Wholesale,195929.0,17.5,5007.0,255230.7,"288,000",166761.0,0.092,4002.0,155984.3,214500,Retailing,Issaquah,WA,no
Cigna,174078.0,8.5,5365.0,76286.3,"72,963",160401.0,0.045,8458.0,83976.1,72963,Health Care,Bloomfield,CT,no
AT&T,168864.0,-1.7,20081.0,169262.4,"202,600",171760.0,-0.052,-5176.0,215878.5,230760,Telecommunications,Dallas,TX,no
Microsoft,168088.0,17.5,61271.0,2311358.9,"181,000",143015.0,0.136,44281.0,1778228.2,163000,Technology,Redmond,WA,no
Cardinal Health,162467.0,6.2,611.0,15709.4,"46,827",152922.0,0.051,-3696.0,17840.3,48000,Health Care,Dublin,OH,no
Chevron,162465.0,71.6,15625.0,317120.1,"42,595",94692.0,-0.354,-5543.0,201865.0,47736,Energy,San Ramon,CA,no
Home Depot,151157.0,14.4,16433.0,309312.6,"490,600",132110.0,0.199,12866.0,328775.4,504800,Retailing,Atlanta,GA,no
Walgreens Boots Alliance,148579.0,6.5,2542.0,38671.1,"258,500",139537.0,0.02,456.0,47455.3,277000,Food & Drug Stores,Deerfield,IL,yes
Marathon Petroleum,141032.0,58.5,9738.0,47758.1,"17,700",88952.0,-0.287,-9826.0,34873.8,57900,Energy,Findlay,OH,no
Kroger,137888.0,4.1,1655.0,41496.2,"420,000",132498.0,0.084,2585.0,27064.3,465000,Food & Drug Stores,Cincinnati,OH,no
Ford Motor,136341.0,7.2,17937.0,67958.2,"183,000",127144.0,-0.184,-1279.0,48739.0,186000,Motor Vehicles & Parts,Dearborn,MI,no
Verizon Communications,133613.0,4.1,22065.0,213837.1,"118,400",128292.0,-0.027,17801.0,240633.3,132200,Telecommunications,New York,NY,no
JPMorgan Chase,127202.0,-1.8,48334.0,402526.9,"271,025",129503.0,-0.091,29131.0,464530.8,255351,Financials,New York,NY,no
General Motors,127004.0,3.7,10019.0,63555.2,"157,000",122485.0,-0.107,6427.0,82794.9,155000,Motor Vehicles & Parts,Detroit,MI,yes
Centene,125982.0,13.4,1347.0,49072.2,"72,500",111115.0,0.489,1808.0,37169.6,71300,Health Care,St. Louis,MO,yes
Meta Platforms,117929.0,37.2,39370.0,605251.0,"71,970",85965.0,0.216,29146.0,838724.2,58604,Technology,Menlo Park,CA,no
Comcast,116385.0,12.4,14159.0,212245.8,"189,000",103564.0,-0.049,10534.0,247859.3,168000,Telecommunications,Philadelphia,PA,no
Phillips 66,114852.0,75.4,1317.0,41561.0,"14,000",65494.0,-0.402,-3975.0,35703.6,14300,Energy,Houston,TX,no
Valero Energy,108332.0,80.2,930.0,41572.2,"9,804",60115.0,-0.415,-1421.0,29267.2,9964,Energy,San Antonio,TX,no
Dell Technologies,106995.0,13.6,5563.0,38164.4,"133,000",94224.0,0.022,3250.0,67229.1,158000,Technology,Round Rock,TX,no
Target,106005.0,13.3,6946.0,98134.4,"450,000",93561.0,0.198,4368.0,98760.9,409000,Retailing,Minneapolis,MN,no
Fannie Mae,101543.0,-4.6,22176.0,909.1,"7,400",106437.0,-0.115,11805.0,2397.2,7700,Financials,Washington,DC,no
Lowe's,96250.0,7.4,8442.0,133761.1,"270,000",89597.0,0.242,5835.0,136407.9,280000,Retailing,Mooresville,NC,no
Bank of America,93851.0,0.1,31978.0,332433.3,"208,248",93753.0,-0.175,17894.0,333788.4,212505,Financials,Charlotte,NC,no
Johnson & Johnson,93775.0,13.6,20878.0,466046.7,"141,700",82584.0,0.006,14714.0,432685.3,134500,Health Care,New Brunswick,NJ,no
FedEx,83959.0,21.3,5231.0,59971.3,"484,000",69217.0,-0.007,1286.0,75367.8,418000,Transportation,Memphis,TN,no
Humana,83064.0,7.7,2933.0,55154.9,"95,500",77155.0,0.189,3367.0,54087.7,48700,Health Care,Louisville,KY,no
Wells Fargo,82407.0,2.6,21548.0,184225.0,"247,848",80303.0,-0.227,3301.0,161521.0,268531,Financials,San Francisco,CA,no
Pfizer,81288.0,94.0,21979.0,292385.3,"79,000",41908.0,-0.19,9616.0,202096.9,78500,Health Care,New York,NY,no
Citigroup,79865.0,-10.1,21952.0,105330.1,"221,768",88839.0,-0.141,11047.0,151806.4,210153,Financials,New York,NY,yes
PepsiCo,79474.0,12.9,7618.0,231528.2,"309,000",70372.0,0.048,7120.0,195207.7,291000,"Food, Beverages & Tobacco",Purchase,NY,no
Intel,79024.0,1.5,19868.0,202635.8,"121,100",77867.0,0.082,20899.0,260630.1,110600,Technology,Santa Clara,CA,no
Procter & Gamble,76118.0,7.3,14306.0,366271.6,"101,000",70950.0,0.048,13027.0,333493.1,99000,Household Products,Cincinnati,OH,no
General Electric,74196.0,-6.8,-6520.0,100810.2,"168,000",79619.0,-0.164,5704.0,115342.5,184000,Industrials,Boston,MA,no
MetLife,71080.0,4.8,6554.0,57986.5,"43,000",67842.0,-0.026,5407.0,53762.6,46500,Financials,New York,NY,no
Prudential Financial,70934.0,24.4,7724.0,44482.2,"40,916",57033.0,-0.12,-374.0,36022.4,41671,Financials,Newark,NJ,no
Albertsons,69690.4,11.6,850.2,16063.7,"300,000",62455.1,0.032,466.4,8877.7,270000,Food & Drug Stores,Boise,ID,no
Walt Disney,67418.0,3.1,1995.0,249718.1,"171,000",65388.0,-0.06,-2864.0,334952.5,203000,Media,Burbank,CA,no
Energy Transfer,67417.0,73.1,5470.0,34496.9,"12,558",38954.0,-0.281,-648.0,20754.7,11421,Energy,Dallas,TX,no
Lockheed Martin,67044.0,2.5,6315.0,117648.2,"114,000",65398.0,0.093,6833.0,102984.2,114000,Aerospace & Defense,Bethesda,MD,no
Freddie Mac,65898.0,-0.5,12109.0,510.3,"7,301",66228.0,-0.118,7326.0,1332.6,6922,Financials,McLean,VA,no
Goldman Sachs Group,64989.0,21.5,21635.0,117667.6,"43,900",53498.0,-0.008,9459.0,116903.0,40500,Financials,New York,NY,no
Raytheon Technologies,64388.0,13.8,3864.0,147640.9,"174,000",56587.0,-0.266,-3519.0,117143.9,181000,Aerospace & Defense,Waltham,MA,no
HP,63487.0,12.1,6503.0,38237.2,"51,000",56639.0,-0.036,2844.0,39579.5,53000,Technology,Palo Alto,CA,no
Boeing,62286.0,7.1,-4202.0,113058.7,"142,000",58158.0,-0.24,-11873.0,148664.8,141000,Aerospace & Defense,Chicago,IL,no
Morgan Stanley,61121.0,17.4,15034.0,155685.6,"74,814",52047.0,-0.033,10996.0,146161.9,68097,Financials,New York,NY,no
HCA Healthcare,58752.0,14.0,6956.0,75691.9,"244,000",51533.0,0.004,3754.0,63458.7,235000,Health Care,Nashville,TN,no
AbbVie,56197.0,22.7,11542.0,286332.4,"50,000",45804.0,0.377,4616.0,190989.4,47000,Health Care,North Chicago,IL,no
Dow,54968.0,42.6,6311.0,46839.7,"35,700",38542.0,-0.103,1225.0,47649.7,35700,Chemicals,Midland,MI,no
Tesla,53823.0,70.7,5519.0,1113707.8,"99,290",31536.0,0.283,721.0,641115.0,70757,Motor Vehicles & Parts,Austin,TX,no
Allstate,53228.0,18.8,1599.0,38553.7,"54,500",44791.0,0.003,5576.0,34800.2,42010,Financials,Northbrook,IL,no
Best Buy,51761.0,9.5,2454.0,20473.2,"81,375",47262.0,0.083,1798.0,28707.7,81600,Retailing,Richfield,MN,yes
Charter Communications,51682.0,7.5,4654.0,112803.4,"93,700",48097.0,0.051,3222.0,128965.7,96100,Telecommunications,Stamford,CT,no
Sysco,51297.8,-3.0,524.2,41433.1,"57,710",52893.3,-0.12,215.5,40189.8,57000,Wholesalers,Houston,TX,no
Merck,51216.0,6.7,13049.0,207400.5,"67,500",47994.0,0.025,7067.0,195062.0,73500,Health Care,Kenilworth,NJ,no
Caterpillar,50971.0,22.1,6489.0,119406.6,"107,700",41748.0,-0.224,2998.0,126439.6,97300,Industrials,Deerfield,IL,no
Cisco Systems,49818.0,1.0,10591.0,231636.4,"79,500",49301.0,-0.05,11214.0,218308.5,77500,Technology,San Jose,CA,no
TJX,48550.0,51.1,3282.8,71195.3,"340,000",32137.0,-0.23,90.5,79774.9,320000,Retailing,Framingham,MA,no
ConocoPhillips,48349.0,151.1,8079.0,129605.1,"9,900",19256.0,-0.475,-2701.0,71623.4,9700,Energy,Houston,TX,no
Progressive,47702.0,11.8,3350.9,66670.3,"49,077",42658.1,0.093,5704.6,55946.5,43326,Financials,Mayfield Village,OH,yes
Tyson Foods,47049.0,8.9,3047.0,32487.8,"137,000",43185.0,0.018,2061.0,27099.6,139000,"Food, Beverages & Tobacco",Springdale,AR,no
Bristol-Myers Squibb,46385.0,9.1,6994.0,155203.5,"32,200",42518.0,0.626,-9015.0,141027.9,30250,Health Care,New York,NY,no
Nike,44538.0,19.1,5727.0,212779.1,"73,300",37403.0,-0.044,2539.0,209499.8,75400,Apparel,Beaverton,OR,no
Deere,44024.0,23.9,5963.0,127456.6,"75,550",35540.0,-0.095,2751.0,117270.0,69634,Industrials,Moline,IL,no
American Express,43663.0,14.3,8060.0,141613.0,"64,000",38185.0,-0.188,3135.0,113635.8,63700,Financials,New York,NY,no
Abbott Laboratories,43075.0,24.5,7071.0,208725.8,"113,000",34608.0,0.085,4495.0,212300.1,109000,Health Care,Abbott Park,IL,no
Plains GP Holdings,42078.0,80.7,60.0,2242.9,"4,100",23290.0,-0.308,-568.0,1824.5,4400,Energy,Houston,TX,no
Enterprise Products Partners,40806.9,50.0,4637.7,56172.4,"6,911",27199.7,-0.17,3775.6,48038.8,7130,Energy,Houston,TX,no
Oracle,40479.0,3.6,13746.0,220736.6,"132,000",39068.0,-0.011,10135.0,202337.7,135000,Technology,Austin,TX,yes
Thermo Fisher Scientific,39211.0,21.7,7725.0,231057.4,"129,000",32218.0,0.261,6375.0,179719.4,84362,Technology,Waltham,MA,no
Coca-Cola,38655.0,17.1,9771.0,268769.7,"79,000",33014.0,-0.114,7747.0,227143.8,80300,"Food, Beverages & Tobacco",Atlanta,GA,no
General Dynamics,38469.0,1.4,3257.0,67081.0,"103,100",37925.0,-0.036,3167.0,51481.9,100700,Aerospace & Defense,Reston,VA,yes
Nucor,36483.9,81.2,6827.5,39954.0,"28,800",20139.7,-0.108,721.5,23975.7,26400,Materials,Charlotte,NC,no
Exelon,36347.0,10.0,1706.0,46683.9,"31,518",33039.0,-0.041,1963.0,42723.5,32340,Energy,Chicago,IL,no
Northrop Grumman,35667.0,-3.1,7005.0,69811.9,"88,000",36799.0,0.087,3189.0,53956.7,97000,Aerospace & Defense,Falls Church,VA,yes
3M,35355.0,9.9,5921.0,84738.3,"95,000",32184.0,0.001,5384.0,111642.1,94987,Chemicals,St. Paul,MN,no
Travelers,34816.0,8.9,3662.0,44129.4,"30,492",31981.0,0.013,2697.0,37933.0,30294,Financials,New York,NY,no
Arrow Electronics,34477.0,20.2,1108.2,7951.3,"20,700",28673.4,-0.008,584.4,8267.5,19600,Wholesalers,Centennial,CO,no
Honeywell International,34392.0,5.4,5542.0,133381.0,"99,000",32637.0,-0.111,4779.0,150972.4,103000,Industrials,Charlotte,NC,no
Dollar General,34220.4,1.4,2399.2,50953.0,"163,000",33746.8,0.216,2655.1,48479.7,158000,Retailing,Goodlettsville,TN,no
Qualcomm,33566.0,42.6,9043.0,172228.1,"45,000",23531.0,-0.031,5198.0,150622.2,41000,Technology,San Diego,CA,no
Capital One Financial,32033.0,1.2,12390.0,53260.4,"50,767",31643.0,-0.063,2714.0,58097.0,51985,Financials,McLean,VA,no
TD Synnex,31614.2,28.1,395.1,9853.6,"27,000",24675.6,0.039,529.2,5874.5,277900,Wholesalers,Fremont,CA,no
Philip Morris International,31405.0,9.4,9109.0,145614.7,"69,600",28694.0,-0.037,8056.0,138302.4,71000,"Food, Beverages & Tobacco",New York,NY,no
World Fuel Services,31337.0,53.9,73.7,1715.5,"4,414",20358.3,-0.447,109.6,2222.0,4300,Energy,Miami,FL,no
Performance Food Group,30398.9,21.2,40.7,7880.9,"22,885",25086.3,0.271,-114.1,7705.3,20000,Wholesalers,Richmond,VA,no
Delta Air Lines,29899.0,74.9,280.0,25322.0,"83,000",17095.0,-0.636,-12385.0,30809.7,74000,Transportation,Atlanta,GA,no
American Airlines Group,29882.0,72.4,-1993.0,11847.2,"123,400",17337.0,-0.621,-8885.0,15328.8,102700,Transportation,Fort Worth,TX,no
Netflix,29697.8,18.8,5116.2,166304.1,"11,300",24996.1,0.24,2761.4,231040.7,9400,Media,Los Gatos,CA,no
US Foods Holding,29487.0,28.8,164.0,8392.3,"28,000",22885.0,-0.118,-226.0,8427.5,26000,Wholesalers,Rosemont,IL,no
Danaher,29453.0,32.2,6433.0,209993.4,"79,000",22284.0,0.086,3646.0,160497.2,69000,Health Care,Washington,DC,no
Jabil,29285.0,7.4,696.0,8857.3,"238,000",27266.4,0.078,53.9,7833.2,240000,Technology,St. Petersburg,FL,no
Starbucks,29060.6,23.6,4199.3,104642.8,"383,000",23518.0,-0.113,928.3,128643.6,349000,"Hotels, Restaurants & Leisure",Seattle,WA,no
Mondelez International,28720.0,8.0,4300.0,87159.2,"79,000",26581.0,0.028,3555.0,82651.1,79000,"Food, Beverages & Tobacco",Chicago,IL,no
Eli Lilly,28318.4,15.4,5581.7,272723.6,"35,238",24539.8,0.099,6193.7,179158.9,35000,Health Care,Indianapolis,IN,no
Hewlett Packard Enterprise,27784.0,3.0,3427.0,21725.3,"60,400",26982.0,-0.074,-322.0,20480.0,59400,Technology,Houston,TX,no
D.R. Horton,27774.2,36.7,4175.8,26403.2,"11,788",20311.1,0.155,2373.7,32413.1,9716,Engineering & Construction,Arlington,TX,no
Molina Healthcare,27771.0,43.0,659.0,19572.9,"14,000",19423.0,0.154,673.0,13647.3,10500,Health Care,Long Beach,CA,no
CBRE Group,27746.0,16.5,1836.6,30414.2,"105,000",23826.2,-0.003,752.0,26549.1,100000,Financials,Dallas,TX,no
Micron Technology,27705.0,29.3,5861.0,86977.2,"43,000",21435.0,-0.084,2687.0,98678.0,40000,Technology,Boise,ID,no
Broadcom,27450.0,14.9,6736.0,257086.5,"20,000",23888.0,0.057,2960.0,189313.5,21000,Technology,San Jose,CA,no
Gilead Sciences,27305.0,10.6,6225.0,74656.5,"14,400",24689.0,0.1,123.0,81372.8,13600,Health Care,Foster City,CA,no
PBF Energy,27253.4,80.3,231.0,2932.6,"3,418",15115.9,-0.383,-1392.4,1699.5,3729,Energy,Parsippany,NJ,no
Lennar,27130.7,20.6,4430.1,23413.0,"10,753",22488.9,0.01,2465.0,30893.2,9495,Engineering & Construction,Miami,FL,no
United Natural Foods,26992.0,0.9,149.0,2409.3,"28,300",26742.8,0.139,-274.1,1854.4,28300,Wholesalers,Providence,RI,no
NRG Energy,26989.0,196.8,2187.0,9289.0,"6,635",9093.0,-0.079,510.0,9232.1,4104,Energy,Houston,TX,no
Nvidia,26914.0,61.4,9752.0,684878.6,"22,473",16675.0,0.527,4332.0,331036.6,18975,Technology,Santa Clara,CA,no
Occidental Petroleum,26772.0,60.5,2322.0,53160.2,"11,678",16680.0,-0.241,-14831.0,24848.7,11800,Energy,Houston,TX,yes
Salesforce,26492.0,24.7,1444.0,210196.8,"73,541",21252.0,0.243,4072.0,195132.3,56606,Technology,San Francisco,CA,no
Dollar Tree,26321.2,3.2,1327.9,36051.4,"136,226",25509.3,0.08,1341.9,26717.4,129772,Retailing,Chesapeake,VA,no
KKR,26141.3,171.5,4666.5,51542.9,"3,238",9629.7,0.056,2002.5,42352.6,1583,Financials,New York,NY,no
Kraft Heinz,26042.0,-0.5,1012.0,48248.6,"36,000",26185.0,0.048,356.0,48924.7,38000,"Food, Beverages & Tobacco",Chicago,IL,no
Amgen,25979.0,2.2,5893.0,134700.8,"24,200",25424.0,0.088,7264.0,143704.3,24300,Health Care,Thousand Oaks,CA,no
AutoNation,25844.0,26.7,1373.0,6111.4,"22,200",20390.0,-0.044,381.6,7683.2,21600,Retailing,Fort Lauderdale,FL,no
Penske Automotive Group,25554.7,25.0,1187.8,7196.7,"24,797",20443.9,-0.118,543.6,6485.5,23600,Retailing,Bloomfield Hills,MI,no
Macy's,25292.0,39.8,1430.0,7123.2,"88,857",18097.0,-0.286,-3944.0,5028.1,75711,Retailing,New York,NY,no
Duke Energy,24677.0,5.2,3908.0,85967.0,"27,605",23453.0,-0.049,1377.0,74252.5,27535,Energy,Charlotte,NC,yes
United Airlines Holdings,24634.0,60.4,-1964.0,15049.7,"84,100",15355.0,-0.645,-7069.0,18325.1,74400,Transportation,Chicago,IL,no
Visa,24105.0,10.3,12311.0,480022.5,"21,500",21846.0,-0.049,10866.0,452525.4,20500,Business Services,San Francisco,CA,no
Rite Aid,24043.4,9.6,-90.9,488.1,"50,000",21928.4,0.012,-452.2,1129.9,39920,Food & Drug Stores,Camp Hill,PA,yes
Cummins,24021.0,21.3,2131.0,29140.9,"59,900",19811.0,-0.16,1789.0,37971.1,57825,Industrials,Columbus,IN,yes
U.S. Bancorp,23714.0,-6.0,7963.0,78929.8,"68,796",25241.0,-0.076,4959.0,83107.4,68108,Financials,Minneapolis,MN,no
Paccar,23522.3,25.6,1852.1,30619.7,"28,500",18728.5,-0.268,1298.4,32255.8,26000,Motor Vehicles & Parts,Bellevue,WA,no
McDonald's,23222.9,20.9,7545.2,183873.6,"200,000",19207.8,-0.089,4730.5,167112.5,200000,"Hotels, Restaurants & Leisure",Chicago,IL,no
Southern,23113.0,13.4,2393.0,76877.0,"27,164",20375.0,-0.049,3119.0,65678.9,27700,Energy,Atlanta,GA,no
C.H. Robinson Worldwide,23102.1,42.5,844.2,13855.8,"16,877",16207.1,0.059,506.4,12514.9,14888,Transportation,Eden Prairie,MN,no
Truist Financial,23064.0,-5.6,6440.0,75353.9,"51,462",24427.0,0.666,4482.0,78408.5,53638,Financials,Charlotte,NC,no
Applied Materials,23063.0,34.1,5888.0,116431.4,"27,000",17202.0,0.178,3619.0,122599.5,24000,Technology,Santa Clara,CA,no
Freeport-McMoRan,22845.0,60.9,4306.0,72360.8,"24,700",14198.0,-0.014,599.0,48027.8,24500,Energy,Phoenix,AZ,no
Lithia Motors,22831.7,74.0,1060.0,8909.8,"21,150",13124.3,0.036,470.3,10467.0,14538,Retailing,Medford,OR,no
Hartford Financial Services Group,22390.0,9.1,2365.0,23815.6,"18,100",20523.0,-0.01,1737.0,23863.3,18500,Financials,Hartford,CT,no
Aflac,22106.0,-0.2,4325.0,41812.8,"12,447",22147.0,-0.007,4778.0,35191.4,12003,Financials,Columbus,GA,no
Whirlpool,21985.0,13.0,1783.0,10101.2,"69,000",19456.0,-0.047,1081.0,13831.7,78000,Industrials,Benton Harbor,MI,no
Union Pacific,21804.0,11.6,6523.0,171681.6,"32,124",19533.0,-0.1,5349.0,146948.3,30960,Transportation,Omaha,NE,no
International Paper,21780.0,5.8,1752.0,17301.1,"38,200",20580.0,-0.08,482.0,21240.6,49300,Materials,Memphis,TN,no
Altria Group,21111.0,1.3,2475.0,94951.7,"6,000",20841.0,0.053,4467.0,95090.6,7100,"Food, Beverages & Tobacco",Richmond,VA,no
CDW,20820.8,12.7,988.6,24140.2,"13,900",18467.5,0.024,788.5,23291.8,10000,Technology,Lincolnshire,IL,yes
ManpowerGroup,20724.4,15.1,382.4,5025.6,"30,000",18001.0,-0.137,23.8,5434.2,25000,Business Services,Milwaukee,WI,no
PG&E,20642.0,11.8,-102.0,29433.7,"26,000",18469.0,0.078,-1318.0,23240.6,24000,Energy,San Francisco,CA,yes
Baker Hughes,20502.0,-1.0,-219.0,37410.2,"54,000",20705.0,-0.131,-9940.0,22494.8,55000,Energy,Houston,TX,no
Cleveland-Cliffs,20444.0,281.8,2988.0,16891.2,"26,000",5354.0,1.691,-122.0,10033.0,25000,Materials,Cleveland,OH,no
United States Steel,20275.0,108.1,4174.0,9832.3,"24,540",9741.0,-0.247,-1165.0,7034.0,23350,Materials,Pittsburgh,PA,no
Becton Dickinson,20248.0,18.3,2092.0,75749.1,"75,000",17117.0,-0.01,874.0,70649.7,72000,Health Care,Franklin Lakes,NJ,no
CarMax,20092.1,-6.2,746.9,15598.9,"26,889",21424.1,0.119,888.4,21562.7,27050,Retailing,Richmond,VA,no
Sherwin-Williams,19944.6,8.6,1864.4,65037.9,"61,626",18361.7,0.026,2030.4,65837.3,61031,Chemicals,Cleveland,OH,no
Builders FirstSource,19893.9,132.4,1725.4,11408.9,"28,000",8558.9,0.176,313.5,9572.2,26000,Materials,Dallas,TX,no
Marsh & McLennan,19820.0,15.1,3143.0,85681.3,"83,000",17224.0,0.034,2016.0,62054.9,76000,Financials,New York,NY,no
PNC Financial Services Group,19698.0,-18.1,5674.0,77203.4,"58,547",24039.0,0.112,7517.0,74377.4,50403,Financials,Pittsburgh,PA,no
Lumen Technologies,19687.0,-4.9,2033.0,11533.4,"36,000",20712.0,-0.075,-1232.0,14642.9,39000,Telecommunications,Monroe,LA,no
Avnet,19534.7,10.8,193.1,4016.9,"14,500",17634.3,-0.097,-31.1,4128.4,14600,Wholesalers,Phoenix,AZ,no
Tenet Healthcare,19485.0,10.5,914.0,9387.6,"88,968",17640.0,-0.045,399.0,5536.5,97900,Health Care,Dallas,TX,no
Kimberly-Clark,19440.0,1.6,1814.0,41496.1,"45,000",19140.0,0.037,2352.0,46999.8,46000,Household Products,Irving,TX,no
Kohl's,19433.0,21.8,938.0,7774.6,"67,000",15955.0,-0.201,-163.0,9394.1,73000,Retailing,Menomonee Falls,WI,yes
BlackRock,19374.0,19.6,5901.0,116186.2,"18,400",16205.0,0.115,4932.0,115079.8,16500,Financials,New York,NY,no
Jones Lang LaSalle,19367.0,16.7,961.6,11945.5,"98,200",16589.9,-0.077,402.5,9150.9,90800,Financials,Chicago,IL,no
Lear,19263.1,13.0,373.9,8513.1,"160,100",17045.5,-0.14,158.5,10895.8,174600,Motor Vehicles & Parts,Southfield,MI,no
Lincoln National,19230.0,10.3,1405.0,11271.6,"10,848",17439.0,0.01,499.0,11953.2,10966,Financials,Radnor,PA,yes
Charles Schwab,18996.0,56.9,5855.0,159675.9,"33,400",12109.0,0.027,3299.0,122691.2,32000,Financials,Westlake,TX,no
Ross Stores,18916.2,50.9,1722.6,31741.7,"100,000",12531.6,-0.219,85.4,42750.7,93700,Retailing,Dublin,CA,yes
Mastercard,18884.0,23.4,8687.0,349330.5,"24,000",15301.0,-0.094,6411.0,353686.7,21000,Business Services,Purchase,NY,no
Genuine Parts,18870.5,8.5,898.8,17888.1,"52,000",17384.4,-0.104,-29.1,16691.8,50000,Wholesalers,Atlanta,GA,no
WestRock,18746.1,6.6,838.3,12379.0,"49,900",17578.8,-0.039,-690.9,13716.1,49300,Materials,Atlanta,GA,no
EOG Resources,18642.0,69.0,4664.0,69796.0,"2,800",11032.0,-0.365,-604.6,42331.9,2900,Energy,Houston,TX,no
Cognizant Technology Solutions,18507.0,11.1,2137.0,47035.0,"330,600",16652.0,-0.008,1392.0,41451.6,289500,Technology,Teaneck,NJ,no
Steel Dynamics,18408.9,91.7,3214.1,15811.5,"10,640",9601.5,-0.083,550.8,10721.5,9625,Materials,Fort Wayne,IN,no
Texas Instruments,18344.0,26.9,7769.0,169329.6,"31,000",14461.0,0.005,5595.0,174439.3,30000,Technology,Dallas,TX,no
Emerson Electric,18236.0,8.6,2303.0,58241.7,"86,700",16785.0,-0.086,1965.0,54134.7,83500,Industrials,St. Louis,MO,no
WESCO International,18217.5,47.8,465.4,6598.5,"18,000",12326.0,0.475,100.6,4340.5,18000,Wholesalers,Pittsburgh,PA,no
General Mills,18127.0,2.8,2339.8,40781.8,"35,000",17626.6,0.045,2181.2,37403.4,35000,"Food, Beverages & Tobacco",Minneapolis,MN,no
Tenneco,18035.0,17.3,35.0,1523.0,"71,000",15379.0,-0.119,-1521.0,875.7,73000,Motor Vehicles & Parts,Lake Forest,IL,no
Waste Management,17931.0,17.8,1816.0,65802.8,"48,500",15218.0,-0.015,1496.0,54451.7,48250,Business Services,Houston,TX,no
DISH Network,17881.1,15.4,2410.6,16743.1,"14,500",15493.4,0.21,1762.7,19048.2,13500,Telecommunications,Englewood,CO,no
L3Harris Technologies,17814.0,-2.1,1846.0,47969.6,"47,000",18194.0,0.415,1119.0,41664.1,48000,Aerospace & Defense,Melbourne,FL,no
DXC Technology,17729.0,-9.4,-149.0,7977.3,"134,000",19577.0,-0.076,-5369.0,7958.6,138000,Technology,Tysons,VA,no
Block,17661.2,86.0,166.3,78655.9,"8,521",9497.6,1.015,213.1,103220.3,5477,Business Services,San Francisco,CA,no
Goodyear Tire & Rubber,17478.0,41.9,764.0,4029.3,"72,000",12321.0,-0.164,-1254.0,4099.1,62000,Motor Vehicles & Parts,Akron,OH,no
Uber Technologies,17455.0,56.7,-496.0,69753.0,"29,300",11139.0,-0.213,-6768.0,101438.0,22800,Technology,San Francisco,CA,no
Colgate-Palmolive,17421.0,5.8,2166.0,63742.2,"33,800",16471.0,0.05,2695.0,66810.3,34200,Household Products,New York,NY,no
Stanley Black & Decker,17252.7,18.7,1689.2,22843.3,"71,300",14534.6,0.006,1233.8,32152.4,58350,Household Products,New Britain,CT,no
DuPont,17160.0,-15.9,6467.0,37739.7,"28,000",20397.0,-0.052,-2951.0,41308.1,34000,Chemicals,Wilmington,DE,no
Stryker,17108.0,19.2,1994.0,100978.1,"46,000",14351.0,-0.036,1599.0,91665.1,43000,Health Care,Kalamazoo,MI,no
NextEra Energy,17069.0,-5.2,3573.0,166264.1,"15,000",17997.0,-0.063,2919.0,148304.9,14900,Energy,Juno Beach,FL,no
Targa Resources,16949.8,105.2,71.2,17243.8,"2,430",8260.3,-0.047,-1553.9,7259.8,2372,Energy,Houston,TX,no
Western Digital,16922.0,1.1,821.0,15536.4,"65,600",16736.0,0.01,-250.0,20432.0,63800,Technology,San Jose,CA,no
PPG Industries,16802.0,21.5,1439.0,30951.9,"49,300",13834.0,-0.087,1059.0,35603.6,46900,Chemicals,Pittsburgh,PA,no
American Electric Power,16792.0,12.6,2488.1,50338.6,"16,688",14918.5,-0.041,2200.1,42067.3,16787,Energy,Columbus,OH,no
Gap,16670.0,20.8,256.0,5206.6,"97,000",13800.0,-0.158,-665.0,11164.9,117000,Retailing,San Francisco,CA,no
Reinsurance Group of America,16658.0,14.1,617.0,7354.6,"3,500",14596.0,0.021,415.0,8568.0,3600,Financials,Chesterfield,MO,yes
Kinder Morgan,16610.0,42.0,1784.0,42878.1,"10,529",11700.0,-0.114,119.0,37703.1,10524,Energy,Houston,TX,no
Oneok,16540.3,93.6,1499.7,31516.0,"2,847",8542.2,-0.16,612.8,22542.9,2886,Energy,Tulsa,OK,no
Expeditors Intl. of Washington,16523.5,72.4,1415.5,17268.8,"19,070",10116.5,0.237,696.1,18166.7,17480,Transportation,Seattle,WA,no
Advanced Micro Devices,16434.0,68.3,3162.0,177936.1,"15,500",9763.0,0.45,2490.0,95346.7,12600,Technology,Santa Clara,CA,yes
Fiserv,16226.0,9.3,1334.0,66132.8,"44,000",14852.0,0.458,958.0,79692.5,44000,Business Services,Brookfield,WI,no
Est√©e Lauder,16215.0,13.4,2870.0,97672.1,"53,320",14294.0,-0.038,684.0,105508.6,48000,Household Products,New York,NY,no
Bank of New York Mellon,16158.0,-4.6,3759.0,40056.7,"49,100",16940.0,-0.186,3617.0,41471.0,48500,Financials,New York,NY,no
Laboratory Corp. of America,16120.9,15.3,2377.3,24625.8,"71,725",13978.5,0.21,1556.1,24890.9,68780,Health Care,Burlington,NC,no
Regeneron Pharmaceuticals,16071.7,89.1,8075.3,75806.0,"10,368",8497.1,0.081,3513.2,50688.4,9123,Health Care,Tarrytown,NY,no
Cheniere Energy,15864.0,69.5,-2343.0,35272.3,"1,550",9358.0,-0.038,-85.0,18256.6,1519,Energy,Houston,TX,no
Southwest Airlines,15790.0,74.5,977.0,27129.3,"55,093",9048.0,-0.597,-3074.0,36066.8,56537,Transportation,Dallas,TX,no
Adobe,15785.0,22.7,4822.0,215280.5,"25,988",12868.0,0.152,5260.0,227226.9,22516,Technology,San Jose,CA,no
Synchrony Financial,15752.0,-4.4,4221.0,18145.5,"18,000",16472.0,-0.154,1385.0,23740.6,16500,Financials,Stamford,CT,no
Corteva,15655.0,10.1,1759.0,41774.9,"21,000",14217.0,0.027,681.0,34528.5,21000,"Food, Beverages & Tobacco",Indianapolis,IN,no
Fidelity National Financial,15643.0,45.1,2422.0,13849.6,"28,290",10778.0,0.273,1427.0,11838.9,27058,Financials,Jacksonville,FL,no
DTE Energy,15369.0,26.2,907.0,25614.6,"10,300",12177.0,-0.039,1368.0,25792.8,10600,Energy,Detroit,MI,no
Murphy USA,15318.8,61.2,396.9,4888.6,"10,430",9504.3,-0.215,386.1,3900.8,7400,Retailing,El Dorado,AR,no
Halliburton,15295.0,5.9,1457.0,34028.9,"40,000",14445.0,-0.355,-2945.0,19070.1,40000,Energy,Houston,TX,no
Automatic Data Processing,15005.4,2.8,2598.5,95577.1,"56,000",14589.8,0.029,2466.5,80653.9,58000,Business Services,Roseland,NJ,no
Edison International,14905.0,9.8,759.0,26693.8,"13,003",13578.0,0.1,739.0,22229.3,13209,Energy,Rosemead,CA,no
Nordstrom,14789.0,38.0,178.0,4321.3,"72,000",10715.0,-0.31,-690.0,5974.8,62000,Retailing,Seattle,WA,no
Loews,14657.0,16.5,1578.0,15971.3,"10,340",12583.0,-0.157,-931.0,13698.3,12200,Financials,New York,NY,no
Pioneer Natural Resources,14643.0,119.0,2118.0,60728.3,"1,932",6685.0,-0.283,-200.0,34397.3,1853,Energy,Irving,TX,no
AutoZone,14629.6,15.8,2170.3,40582.6,"85,050",12632.0,0.065,1733.0,30946.3,80000,Retailing,Memphis,TN,no
Lam Research,14626.2,45.6,3908.5,74996.7,"14,100",10044.7,0.041,2251.8,85064.7,11300,Technology,Fremont,CA,no
Illinois Tool Works,14455.0,15.0,2694.0,65311.9,"45,000",12574.0,-0.109,2109.0,70106.7,43000,Industrials,Glenview,IL,no
Parker-Hannifin,14347.6,4.8,1746.1,36456.8,"54,640",13695.5,-0.044,1206.3,40716.1,50520,Industrials,Cleveland,OH,no
Omnicom Group,14289.4,8.5,1407.8,17565.7,"71,700",13171.1,-0.119,945.4,15946.2,64100,Business Services,New York,NY,no
Principal Financial,14262.7,-3.2,1710.6,19176.7,"18,600",14741.7,-0.091,1395.8,16345.9,17400,Financials,Des Moines,IA,no
Dominion Energy,14218.0,-11.8,3288.0,68883.0,"17,100",16128.0,-0.027,-401.0,61224.0,17300,Energy,Richmond,VA,no
Kellogg,14181.0,3.0,1488.0,21890.2,"31,000",13770.0,0.014,1251.0,21544.5,31000,"Food, Beverages & Tobacco",Battle Creek,MI,no
Fluor,14156.8,-10.9,-440.2,4051.7,"40,582",15884.2,-0.096,-435.0,3252.4,43717,Engineering & Construction,Irving,TX,no
AECOM,14112.4,-13.9,173.2,10856.5,"51,000",16390.8,-0.188,-186.4,9469.8,54000,Engineering & Construction,Dallas,TX,no
Reliance Steel & Aluminum,14093.3,59.9,1413.0,11313.5,"13,950",8811.9,-0.197,369.1,9685.9,13000,Materials,Los Angeles,CA,no
Jacobs Engineering Group,14092.6,3.8,477.0,17807.4,"53,500",13578.2,-0.122,491.8,16816.2,53500,Engineering & Construction,Dallas,TX,no
Corning,14082.0,24.6,1906.0,31212.8,"61,200",11303.0,-0.017,512.0,33466.3,50110,Industrials,Corning,NY,no
Qurate Retail,14044.0,-0.9,340.0,1807.4,"26,745",14177.0,0.053,1204.0,4880.5,26424,Retailing,Englewood,CO,no
PulteGroup,13926.9,26.2,1946.3,10115.7,"6,182",11036.1,0.081,1406.8,13869.1,5249,Engineering & Construction,Atlanta,GA,no
Fidelity National Information Services,13877.0,10.6,417.0,61215.1,"65,000",12552.0,0.215,158.0,87336.9,62000,Business Services,Jacksonville,FL,no
IQVIA Holdings,13874.0,22.1,966.0,44140.8,"79,000",11359.0,0.024,279.0,37034.4,70000,Health Care,Durham,NC,no
Marriott International,13857.0,31.1,1099.0,57514.9,"120,000",10571.0,-0.496,-267.0,48220.2,121000,"Hotels, Restaurants & Leisure",Bethesda,MD,no
Berry Global Group,13850.0,18.3,733.0,7832.4,"47,000",11709.0,0.319,559.0,8221.1,47000,Materials,Evansville,IN,no
Ball,13811.0,17.2,878.0,28909.1,"24,300",11781.0,0.027,585.0,27800.5,21500,Materials,Westminster,CO,no
Group 1 Automotive,13801.7,27.2,552.1,2859.9,"13,711",10851.8,-0.099,286.5,2855.3,12337,Retailing,Houston,TX,no
Leidos Holdings,13737.0,11.7,753.0,14727.7,"43,000",12297.0,0.108,628.0,13608.8,39000,Technology,Reston,VA,no
Wayfair,13708.0,-3.1,-131.0,11641.6,"16,681",14145.2,0.55,185.0,32644.7,16122,Retailing,Boston,MA,no
Consolidated Edison,13676.0,11.7,1346.0,33525.3,"13,871",12246.0,-0.026,1101.0,25613.0,14071,Energy,New York,NY,no
Ameriprise Financial,13443.0,12.4,2760.0,33213.0,"12,000",11958.0,-0.087,1534.0,27103.5,12300,Financials,Minneapolis,MN,no
O'Reilly Automotive,13327.6,14.8,2164.7,45410.4,"76,158",11604.5,0.143,1752.3,35460.8,70179,Retailing,Springfield,MO,no
Global Partners,13248.3,59.2,60.8,927.1,"2,960",8321.6,-0.364,102.2,726.1,2958,Wholesalers,Waltham,MA,no
Discover Financial Services,13221.0,2.1,5449.0,31076.7,"16,700",12953.0,-0.074,1141.0,29099.7,17600,Financials,Riverwoods,IL,no
Rocket Companies,13175.6,-17.6,308.2,21905.9,"26,000",15980.7,2.043,198.0,45821.0,24000,Financials,Detroit,MI,no
LKQ,13088.5,12.6,1090.9,12941.4,"46,000",11628.8,-0.07,638.4,12801.2,44000,Wholesalers,Chicago,IL,no
W.W. Grainger,13022.0,10.4,1043.0,26358.0,"23,450",11797.0,0.027,695.0,20985.1,22450,Wholesalers,Lake Forest,IL,no
Quanta Services,12980.2,15.9,486.0,18779.5,"43,700",11202.7,-0.075,445.6,12173.4,35800,Engineering & Construction,Houston,TX,no
Crown Holdings,12979.0,12.1,-560.0,15460.6,"26,000",11575.0,-0.008,579.0,13091.9,33264,Materials,Yardley,PA,no
Fox,12909.0,4.9,2150.0,21423.2,"9,000",12303.0,0.08,999.0,21022.2,9000,Media,New York,NY,no
Markel,12846.4,32.0,2425.0,20037.5,"20,300",9735.1,0.022,816.0,15699.6,18900,Financials,Glen Allen,VA,no
Carvana,12814.0,129.4,-135.0,19549.5,"21,000",5586.6,0.418,-171.1,45475.4,10400,Retailing,Tempe,AZ,no
XPO Logistics,12806.0,-21.2,336.0,8356.9,"44,700",16252.0,-0.024,110.0,12601.7,119750,Transportation,Greenwich,CT,no
Baxter International,12784.0,9.5,1284.0,39017.9,"60,000",11673.0,0.027,1102.0,42656.8,50000,Health Care,Deerfield,IL,no
Ecolab,12733.1,-0.1,1129.9,50548.4,"47,000",12748.7,-0.145,-1205.1,61240.7,44000,Chemicals,St. Paul,MN,no
Tractor Supply,12731.1,19.9,997.1,26171.6,"34,000",10620.4,0.272,749.0,20576.8,32000,Retailing,Brentwood,TN,no
Andersons,12728.8,55.1,104.0,1708.2,"2,334",8208.4,0.005,7.7,921.9,2294,"Food, Beverages & Tobacco",Maumee,OH,no
Keurig Dr Pepper,12683.0,9.2,2146.0,53748.2,"27,500",11618.0,0.045,1325.0,48367.8,27000,"Food, Beverages & Tobacco",Burlington,MA,no
Universal Health Services,12642.1,9.4,991.6,10843.1,"78,850",11558.9,0.016,944.0,11350.6,78550,Health Care,King of Prussia,PA,no
CSX,12522.0,18.3,3781.0,81587.8,"20,919",10583.0,-0.113,2765.0,73230.6,19282,Transportation,Jacksonville,FL,no
Henry Schein,12401.0,22.6,631.2,11960.1,"21,600",10119.1,-0.018,403.8,9850.7,19000,Health Care,Melville,NY,no
Sonic Automotive,12396.4,26.9,348.9,1728.8,"10,200",9767.0,-0.066,-51.4,2038.0,8100,Retailing,Charlotte,NC,no
eBay,12394.0,9.2,13608.0,33641.9,"10,800",11351.0,0.051,5667.0,41670.5,12700,Technology,San Jose,CA,no
Textron,12382.0,6.3,746.0,16090.6,"33,000",11651.0,-0.145,309.0,12726.0,33000,Aerospace & Defense,Providence,RI,no
Community Health Systems,12368.0,4.9,230.0,1598.6,"58,500",11789.0,-0.108,511.0,1752.4,62500,Health Care,Franklin,TN,no
Mosaic,12357.4,42.3,1630.6,24492.6,"12,525",8681.7,-0.025,666.1,11983.1,12617,Chemicals,Tampa,FL,no
Thor Industries,12317.4,50.8,659.9,4330.9,"31,000",8167.9,0.039,223.0,7460.0,22250,Motor Vehicles & Parts,Elkhart,IN,no
Dick's Sporting Goods,12293.4,28.3,1519.9,7986.6,"34,300",9584.0,0.095,530.3,6798.8,33450,Retailing,Coraopolis,PA,yes
Newmont,12222.0,6.3,1166.0,62968.1,"14,400",11497.0,0.18,2829.0,48282.7,14300,Energy,Denver,CO,no
Devon Energy,12206.0,139.8,2813.0,39274.1,"1,600",5091.0,-0.309,-2680.0,14707.2,1400,Energy,Oklahoma City,OK,no
J.B. Hunt Transport Services,12168.3,26.3,760.8,21052.9,"33,045",9636.6,0.051,506.0,17765.8,30309,Transportation,Lowell,AR,no
Alcoa,12152.0,30.9,429.0,16603.4,"12,200",9286.0,-0.11,-170.0,6053.6,12900,Materials,Pittsburgh,PA,no
Aramark,12096.0,-5.7,-90.8,9655.5,"248,300",12829.6,-0.209,-461.5,9595.3,209325,Business Services,Philadelphia,PA,no
Vistra,12077.0,5.5,-1274.0,10434.7,"5,060",11443.0,-0.031,636.0,8512.0,5365,Energy,Irving,TX,no
State Street,12030.0,-0.4,2693.0,31891.8,"38,784",12078.0,-0.08,2420.0,29553.6,39439,Financials,Boston,MA,no
Unum Group,12013.8,-8.7,824.2,6382.8,"10,200",13162.1,0.097,793.0,5669.8,10500,Financials,Chattanooga,TN,no
Alleghany,12004.1,34.9,1034.9,11396.1,"13,313",8896.7,-0.016,101.8,8750.3,10407,Financials,New York,NY,no
Boston Scientific,11888.0,19.9,1041.0,63310.2,"41,000",9913.0,-0.077,-82.0,54903.0,38000,Health Care,Marlborough,MA,no
Entergy,11742.9,16.1,1118.5,23760.4,"12,369",10113.6,-0.07,1388.3,20000.3,13400,Energy,New Orleans,LA,no
International Flavors & Fragrances,11656.0,129.3,270.0,33455.6,"24,000",5084.2,-0.011,363.2,34741.5,13700,Chemicals,New York,NY,no
DaVita,11618.8,0.6,978.5,10892.5,"69,000",11550.6,-0.181,773.6,11790.0,67000,Health Care,Denver,CO,no
Assurant,11410.0,13.0,1372.4,10493.1,"15,600",10094.8,0.001,441.8,8208.9,13850,Financials,New York,NY,no
Liberty Media,11400.0,21.8,398.0,15239.1,"6,886",9363.0,-0.09,-1421.0,14919.2,7047,Media,Englewood,CO,no
Hormel Foods,11386.2,18.5,908.8,28089.2,"20,000",9608.5,0.012,908.1,25808.3,19100,"Food, Beverages & Tobacco",Austin,MN,no
Icahn Enterprises,11328.0,85.0,-518.0,15237.1,"19,536",6123.0,-0.319,-1653.0,12964.7,23833,Financials,Sunny Isles Beach,FL,no
Republic Services,11295.0,11.2,1290.4,41841.7,"35,000",10153.6,-0.014,967.2,31682.5,35000,Business Services,Phoenix,AZ,no
Mohawk Industries,11200.6,17.3,1033.2,8081.8,"43,000",9552.2,-0.042,515.6,13505.2,42000,Household Products,Calhoun,GA,no
Conagra Brands,11184.7,1.2,1298.8,16103.5,"18,600",11054.4,0.159,840.1,18370.6,16500,"Food, Beverages & Tobacco",Chicago,IL,no
Norfolk Southern,11142.0,13.8,3005.0,68389.3,"18,100",9789.0,-0.133,2013.0,67418.0,20156,Transportation,Atlanta,GA,no
AES,11141.0,15.3,-409.0,17172.1,"8,450",9660.0,-0.052,46.0,18180.2,8162,Energy,Arlington,VA,no
AGCO,11138.3,21.7,897.0,10885.3,"23,300",9149.7,0.012,427.1,10815.9,21426,Industrials,Duluth,GA,no
Caesars Entertainment,11110.0,219.8,-1019.0,16564.6,"49,000",3474.0,0.374,-1757.0,18213.9,21000,"Hotels, Restaurants & Leisure",Reno,NV,no
Equitable Holdings,11036.0,-11.1,-439.0,12041.2,"10,000",12415.0,0.294,-648.0,14207.5,12400,Financials,New York,NY,no
Advance Auto Parts,10998.0,8.8,616.1,12644.8,"54,500",10106.3,0.041,493.0,12006.1,54000,Retailing,Raleigh,NC,no
Biogen,10981.7,-18.3,1556.1,30950.4,"9,610",13444.6,-0.065,4000.6,42615.9,9100,Health Care,Cambridge,MA,no
Booking Holdings,10958.0,61.2,1165.0,96022.7,"20,199",6796.0,-0.549,59.0,95434.4,20199,Technology,Norwalk,CT,no
Amphenol,10876.3,26.5,1590.8,45130.1,"90,000",8598.9,0.045,1203.4,39526.2,80000,Technology,Wallingford,CT,no
Quest Diagnostics,10788.0,14.3,1995.0,16348.6,"44,500",9437.0,0.221,1431.0,17127.6,44500,Health Care,Secaucus,NJ,no
FirstEnergy,10758.0,3.1,1283.0,26181.6,"12,395",10435.0,-0.038,1079.0,18871.6,12153,Energy,Akron,OH,no
DCP Midstream,10707.0,69.9,391.0,6993.2,"1,788",6302.0,-0.174,-306.0,4513.1,1837,Energy,Denver,CO,no
Ally Financial,10690.0,-0.8,3060.0,14411.6,"10,500",10780.0,-0.072,1085.0,16875.6,9500,Financials,Detroit,MI,no
Delek US Holdings,10648.2,45.8,-203.5,1500.2,"3,312",7301.8,-0.215,-608.0,1609.0,3532,Energy,Brentwood,TN,no
Williams,10627.0,37.7,1517.0,40670.4,"4,783",7719.0,-0.059,211.0,28777.6,4739,Energy,Tulsa,OK,no
Newell Brands,10589.0,12.8,572.0,8902.4,"32,000",9385.0,-0.069,-770.0,11390.4,31000,Household Products,Atlanta,GA,no
Eastman Chemical,10476.0,23.6,857.0,14450.1,"14,000",8473.0,-0.086,478.0,15033.2,14500,Chemicals,Kingsport,TN,no
Air Products & Chemicals,10323.0,16.6,2099.1,55409.4,"20,750",8856.3,-0.007,1886.7,62254.0,19138,Chemicals,Allentown,PA,no
Molson Coors Beverage,10279.7,6.5,1005.7,11631.8,"16,300",9654.0,-0.087,-949.0,11118.2,17000,"Food, Beverages & Tobacco",Chicago,IL,no
Interpublic Group,10240.7,13.0,952.8,13965.9,"55,600",9061.0,-0.114,351.1,11407.8,50200,Business Services,New York,NY,no
Weyerhaeuser,10201.0,35.4,2607.0,28315.0,"9,214",7532.0,0.149,797.0,26655.3,9372,Materials,Seattle,WA,no
Altice USA,10090.8,2.0,990.3,5674.1,"9,000",9894.6,0.014,436.2,15393.7,8900,Telecommunications,Long Island City,NY,no
Raymond James Financial,9910.0,21.3,1403.0,22817.5,"15,000",8168.0,0.018,818.0,16877.9,14800,Financials,St. Petersburg,FL,no
EMCOR Group,9903.6,12.6,383.5,5931.8,"34,000",8797.1,-0.041,132.9,6146.0,33000,Engineering & Construction,Norwalk,CT,no
Eversource Energy,9863.1,10.8,1220.5,30403.2,"9,227",8904.4,0.044,1205.2,29728.2,9299,Energy,Springfield,MA,no
Yum China Holdings,9853.0,19.2,990.0,17679.0,"298,500",8263.0,-0.058,784.0,24892.3,271000,"Hotels, Restaurants & Leisure",Plano,TX,yes
Asbury Automotive Group,9837.7,37.9,532.4,3714.8,"14,200",7131.8,-0.011,254.4,3798.1,7750,Retailing,Duluth,GA,no
Owens & Minor,9785.3,12.4,221.6,3375.6,"17,300",8706.9,-0.098,29.9,2763.0,18800,Health Care,Mechanicsville,VA,no
Public Service Enterprise Group,9722.0,1.2,-648.0,35145.5,"12,684",9603.0,-0.047,1905.0,30411.7,12788,Energy,Newark,NJ,no
United Rentals,9716.0,13.9,1386.0,25643.3,"20,400",8530.0,-0.088,890.0,23819.0,18250,Business Services,Stamford,CT,no
MGM Resorts International,9680.1,87.5,1254.4,18257.9,"60,500",5162.1,-0.6,-1032.7,18805.2,48500,"Hotels, Restaurants & Leisure",Las Vegas,NV,no
Ryder System,9663.0,14.8,519.0,4055.4,"42,800",8420.1,-0.057,-122.3,4072.0,39000,Transportation,Miami,FL,no
Intuit,9633.0,25.4,2062.0,135987.6,"17,350",7679.0,0.132,1826.0,104897.1,11950,Technology,Mountain View,CA,no
Cincinnati Financial,9629.7,27.8,2945.6,21813.3,"5,166",7536.3,-0.049,1216.4,16601.6,5266,Financials,Fairfield,OH,no
Univar Solutions,9535.5,15.4,460.6,5459.8,"9,450",8265.0,-0.125,52.9,3650.6,9457,Wholesalers,Downers Grove,IL,no
Huntington Ingalls Industries,9524.0,1.7,544.0,7991.0,"44,000",9361.0,0.052,696.0,8295.7,42000,Aerospace & Defense,Newport News,VA,no
W.R. Berkley,9455.5,16.7,1022.5,17658.8,"7,681",8098.9,0.025,530.7,13364.2,7495,Financials,Greenwich,CT,no
Insight Enterprises,9436.1,13.1,219.3,3745.1,"11,624",8340.6,0.079,172.6,3349.5,11006,Technology,Tempe,AZ,yes
News Corp.,9358.0,3.9,330.0,13127.7,"24,000",9008.0,-0.106,-1269.0,14628.8,23500,Media,New York,NY,no
American Tower,9356.9,16.4,2567.7,114527.4,"6,378",8041.5,0.061,1690.6,106234.5,5618,Financials,Boston,MA,no
Old Republic International,9341.6,30.4,1534.3,7972.8,"9,600",7166.0,-0.007,558.6,6650.3,9000,Financials,Chicago,IL,no
Burlington Stores,9322.3,61.7,408.8,12112.8,"38,599",5764.0,-0.209,-216.5,19835.9,35246,Retailing,Burlington,NJ,no
Avis Budget Group,9313.0,72.4,1285.0,14157.0,"18,500",5402.0,-0.411,-684.0,5067.6,17500,Retailing,Parsippany,NJ,no
ODP,9267.0,-4.6,-208.0,2222.2,"26,000",9710.0,-0.088,-319.0,2317.1,37000,Retailing,Boca Raton,FL,no
Bed Bath & Beyond,9233.0,-17.3,-150.8,2170.5,"37,600",11158.6,-0.072,-613.8,3533.4,55000,Retailing,Union,NJ,yes
Seaboard,9229.0,29.5,570.0,4881.6,"13,200",7126.0,0.042,283.0,4283.3,13100,"Food, Beverages & Tobacco",Merriam,KS,no
First American Financial,9221.0,30.1,1241.0,7087.2,"22,233",7086.7,0.143,696.4,6216.5,19597,Financials,Santa Ana,CA,no
Intercontinental Exchange,9168.0,11.2,4058.0,74044.8,"8,858",8244.0,0.259,2089.0,62843.7,8890,Financials,Atlanta,GA,no
PVH,9154.7,28.4,952.3,5210.0,"25,000",7132.6,-0.28,-1136.1,7522.7,26500,Apparel,New York,NY,no
Apollo Global Management,9124.0,332.2,1838.5,37194.0,"2,153",2110.9,-0.329,156.6,10904.7,1729,Financials,New York,NY,no
Jefferies Financial Group,9039.9,30.0,1674.4,7933.9,"5,556",6955.9,0.298,775.2,7524.6,4945,Financials,New York,NY,no
Hershey,8971.3,10.1,1477.5,44461.5,"17,805",8149.7,0.02,1278.7,32765.3,16040,"Food, Beverages & Tobacco",Hershey,PA,yes
NVR,8970.1,18.6,1236.7,15010.5,"6,600",7566.0,0.019,901.2,17318.0,6100,Engineering & Construction,Reston,VA,no
Foot Locker,8958.0,18.7,893.0,2850.0,"33,244",7548.0,-0.057,323.0,5809.4,33522,Retailing,New York,NY,yes
Dana,8945.0,25.9,197.0,2544.4,"40,200",7106.0,-0.176,-31.0,3529.4,38200,Motor Vehicles & Parts,Maumee,OH,no
SpartanNash,8931.0,-4.5,73.8,1185.1,"13,300",9348.5,0.095,75.9,709.3,14400,Wholesalers,Byron Center,MI,no
Olin,8910.6,54.8,1296.7,8062.0,"7,750",5758.0,-0.058,-969.9,6024.1,8000,Chemicals,Clayton,MO,no
Chewy,8890.8,24.4,-73.8,17147.3,"21,300",7146.3,0.474,-92.5,35176.9,18500,Retailing,Dania Beach,FL,no
Activision Blizzard,8803.0,8.9,2699.0,62559.7,"9,800",8086.0,0.246,2197.0,72052.1,9500,Media,Santa Monica,CA,no
Toll Brothers,8790.4,24.2,833.6,5515.4,"5,100",7077.7,-0.02,446.6,6984.8,4500,Engineering & Construction,Fort Washington,PA,no
Carlyle Group,8782.1,199.3,2974.7,17427.5,"1,850",2934.6,-0.131,348.2,13020.2,1825,Financials,Washington,DC,no
Ovintiv,8658.0,42.2,1416.0,13987.5,"1,713",6087.0,-0.095,-6097.0,6219.6,1916,Energy,Denver,CO,no
UFP Industries,8636.1,67.6,535.6,4790.5,"15,000",5154.0,0.167,246.8,4683.3,12000,Materials,Grand Rapids,MI,no
Ulta Beauty,8630.9,40.3,985.8,20837.8,"28,500",6152.0,-0.168,175.8,17377.1,26500,Retailing,Bolingbrook,IL,no
Constellation Brands,8614.9,3.3,1998.0,43763.5,"9,300",8343.5,0.028,-11.8,44247.5,9000,"Food, Beverages & Tobacco",Victor,NY,no
Expedia Group,8598.0,65.4,12.0,30476.5,"14,800",5199.0,-0.569,-2612.0,24762.0,19100,Retailing,Seattle,WA,no
CommScope Holding,8586.7,1.8,-462.6,1629.7,"30,000",8435.9,0.011,-573.4,3124.2,30000,Technology,Hickory,NC,no
Celanese,8537.0,51.0,1890.0,15434.1,"8,529",5655.0,-0.102,1985.0,17104.5,7658,Chemicals,Irving,TX,yes
Global Payments,8523.8,14.8,965.5,38545.6,"25,000",7423.6,0.511,584.5,59484.3,24000,Business Services,Atlanta,GA,no
Owens Corning,8498.0,20.5,995.0,9064.7,"20,000",7055.0,-0.015,-383.0,9662.7,19000,Materials,Toledo,OH,no
Campbell Soup,8476.0,-6.3,1002.0,13446.9,"14,100",9050.0,-0.087,1628.0,15232.3,14500,"Food, Beverages & Tobacco",Camden,NJ,no
Huntsman,8453.0,40.3,1045.0,8046.9,"9,000",6025.0,-0.278,1034.0,6390.1,9000,Chemicals,The Woodlands,TX,no
Franklin Resources,8425.5,51.4,1831.2,14019.3,"10,300",5566.5,-0.036,798.9,14960.0,11800,Financials,San Mateo,CA,yes
Avery Dennison,8408.3,20.6,740.1,14327.4,"36,000",6971.5,-0.014,555.9,15246.5,32000,Materials,Glendale,CA,no
Masco,8375.0,14.9,410.0,12062.7,"20,000",7289.0,-0.115,1224.0,15208.8,18000,Household Products,Livonia,MI,no
CenterPoint Energy,8352.0,-5.5,1486.0,19285.8,"9,418",8835.0,-0.282,-773.0,12493.3,9541,Energy,Houston,TX,no
Fifth Third Bancorp,8329.0,-0.9,2770.0,29511.3,"19,112",8402.0,-0.142,1427.0,26628.6,19872,Financials,Cincinnati,OH,no
WEC Energy Group,8316.0,14.8,1300.3,31483.5,"6,938",7241.7,-0.037,1199.9,29521.5,7273,Energy,Milwaukee,WI,no
S&P Global,8297.0,11.5,3024.0,142343.5,"22,850",7442.0,0.111,2339.0,85001.6,23000,Business Services,New York,NY,no
Polaris,8252.0,16.1,493.9,6264.1,"16,000",7108.3,0.036,124.8,8179.3,15000,Transportation,Medina,MN,no
Williams-Sonoma,8245.9,21.6,1126.3,10376.0,"16,600",6783.2,0.15,680.7,13653.8,16600,Retailing,San Francisco,CA,yes
Autoliv,8230.0,10.5,435.0,6691.1,"58,176",7447.4,-0.129,186.9,8112.8,64716,Motor Vehicles & Parts,Auburn Hills,MI,no
Arthur J. Gallagher,8209.4,17.2,906.8,36598.6,"39,000",7003.6,-0.027,818.8,24353.4,32401,Financials,Rolling Meadows,IL,no
Motorola Solutions,8171.0,10.2,1245.0,40555.9,"18,700",7414.0,-0.06,949.0,31785.8,18000,Technology,Chicago,IL,no
Zillow Group,8147.4,143.9,-527.8,12287.1,"8,005",3339.8,0.218,-162.1,31310.9,5504,Technology,Seattle,WA,no
Opendoor Technologies,8021.0,210.5,-662.0,5364.1,"2,816",2583.1,-0.455,-286.8,12231.5,1048,Technology,San Francisco,CA,no
J.M. Smucker,8002.7,2.6,876.3,14686.4,"7,100",7801.0,-0.005,779.5,13865.9,7300,"Food, Beverages & Tobacco",Orrville,OH,no
Oshkosh,7952.5,16.0,409.4,6703.7,"15,000",6856.8,-0.182,324.5,8114.5,14400,Industrials,Oshkosh,WI,no
MasTec,7951.8,25.8,328.8,6657.0,"27,000",6321.0,-0.12,322.8,6953.4,18000,Engineering & Construction,Coral Gables,FL,no
APA,7928.0,84.0,973.0,14332.3,"2,253",4308.0,-0.328,-4860.0,6765.6,2272,Energy,Houston,TX,no
Boise Cascade,7926.1,44.8,712.5,2740.4,"6,130",5474.8,0.179,175.0,2353.1,6040,Wholesalers,Boise,ID,no
Dover,7907.1,18.3,1123.8,22610.3,"25,000",6683.8,-0.063,683.5,19727.1,23000,Industrials,Downers Grove,IL,no
Genworth Financial,7882.0,-9.0,904.0,1917.9,"2,500",8658.0,-0.003,178.0,1679.2,3000,Financials,Richmond,VA,no
Bath & Body Works,7881.5,-33.5,1333.5,11419.9,"32,850",11846.9,-0.083,844.5,17247.5,57350,Retailing,Columbus,OH,yes
Booz Allen Hamilton Holding,7858.9,5.3,609.0,11705.4,"27,700",7463.8,0.113,482.6,11089.5,27200,Technology,McLean,VA,no
Zimmer Biomet Holdings,7836.2,11.6,401.6,26772.3,"19,500",7024.5,-0.12,-138.9,33347.3,20000,Health Care,Warsaw,IN,no
Westinghouse Air Brake Technologies,7822.0,3.5,558.0,17819.4,"25,000",7556.1,-0.079,414.4,14953.0,27000,Industrials,Pittsburgh,PA,no
Zoetis,7776.0,16.5,2037.0,89008.9,"12,100",6675.0,0.066,1638.0,74829.2,11300,Health Care,Parsippany,NJ,yes
Packaging Corp. of America,7730.3,16.1,841.1,14628.1,"15,200",6658.2,-0.044,461.0,12775.0,15200,Materials,Lake Forest,IL,no
LPL Financial Holdings,7720.8,31.5,459.9,14608.8,"5,919",5871.6,0.044,472.6,11358.6,4756,Financials,San Diego,CA,no
T. Rowe Price,7671.9,23.6,3082.9,34442.6,"7,529",6206.7,0.105,2372.7,39031.0,7678,Financials,Baltimore,MD,no
Fortune Brands Home & Security,7656.1,25.7,772.4,9830.7,"28,056",6090.3,0.057,553.1,13264.2,27505,Household Products,Deerfield,IL,no
Casey's General Stores,7654.2,-5.6,312.9,7354.4,"27,583",8112.3,-0.03,263.8,7987.6,27218,Retailing,Ankeny,IA,no
A-Mark Precious Metals,7613.0,39.4,159.6,890.5,347,5461.1,0.142,30.5,360.2,218,Wholesalers,El Segundo,CA,no
Hess,7583.0,57.8,559.0,33155.2,"1,545",4804.0,-0.262,-3093.0,21722.4,1621,Energy,New York,NY,no
Vertex Pharmaceuticals,7574.4,22.1,2342.1,66436.9,"3,900",6205.7,0.491,2711.6,55862.8,3400,Health Care,Boston,MA,yes
KeyCorp,7561.0,3.1,2625.0,20592.5,"16,974",7337.0,-0.046,1343.0,19182.0,16826,Financials,Cleveland,OH,no
CMS Energy,7538.0,12.8,1353.0,20292.2,"8,813",6680.0,-0.024,755.0,17718.7,8493,Energy,Jackson,MI,no
Taylor Morrison Home,7501.3,22.4,663.0,3301.6,"3,000",6129.3,0.287,243.4,3969.2,2700,Engineering & Construction,Scottsdale,AZ,yes
American Financial Group,7462.0,-5.7,1995.0,12367.8,"6,600",7909.0,-0.04,732.0,9858.2,7300,Financials,Cincinnati,OH,no
UGI,7447.0,13.5,1467.0,7599.1,"11,300",6559.0,-0.104,532.0,8552.8,11300,Energy,King of Prussia,PA,no
Science Applications International,7394.0,4.8,277.0,5166.1,"25,090",7056.0,0.106,209.0,4853.8,26134,Technology,Reston,VA,yes
Avantor,7386.1,15.5,572.6,20629.1,"13,500",6393.6,0.058,116.6,16631.4,12400,Technology,Radnor,PA,no
Hanesbrands,7347.8,10.3,77.2,5191.4,"58,000",6664.4,-0.043,-75.6,6865.0,61000,Apparel,Winston-Salem,NC,no
Clorox,7341.0,9.2,710.0,17108.7,"9,000",6721.0,0.082,939.0,24262.6,8800,Household Products,Oakland,CA,yes
KBR,7339.0,27.3,18.0,7634.9,"28,000",5767.0,0.023,-72.0,5407.0,29000,Engineering & Construction,Houston,TX,no
TravelCenters of America,7336.8,51.4,58.5,637.5,"16,540",4846.0,-0.208,-13.9,395.3,16374,Retailing,Westlake,OH,no
Hertz Global Holdings,7336.0,39.5,366.0,9508.9,"23,000",5258.0,-0.462,-1714.0,268.7,24000,Retailing,Estero,FL,no
Analog Devices,7318.3,30.6,1390.4,86441.2,"24,700",5603.1,-0.065,1220.8,57208.0,15900,Technology,Wilmington,MA,no
Darden Restaurants,7196.1,-7.8,629.3,16980.9,"156,883",7806.9,-0.083,-52.4,18506.6,177895,"Hotels, Restaurants & Leisure",Orlando,FL,no
Graphic Packaging Holding,7156.0,9.1,204.0,6154.4,"25,000",6559.9,0.065,167.3,4862.4,18775,Materials,Atlanta,GA,no
NCR,7156.0,15.3,97.0,5474.7,"38,000",6207.0,-0.102,-79.0,4943.2,36000,Technology,Atlanta,GA,no
Brighthouse Financial,7142.0,-16.0,-108.0,3958.7,"1,500",8503.0,0.297,-1061.0,3866.5,1400,Financials,Charlotte,NC,no
PPL,7127.0,-6.3,-1480.0,21001.9,"5,607",7607.0,-0.021,1469.0,22177.5,12318,Energy,Allentown,PA,no
Cintas,7116.3,0.4,1111.0,43566.7,"40,000",7085.1,0.028,876.0,35850.9,40000,Business Services,Cincinnati,OH,no
Xerox Holdings,7038.0,0.2,-455.0,3123.3,"23,300",7022.0,-0.232,192.0,4821.3,24700,Technology,Norwalk,CT,no
Rockwell Automation,6997.4,10.5,1358.1,32538.4,"24,500",6329.8,-0.055,1023.4,30832.2,23500,Industrials,Milwaukee,WI,no
Citizens Financial Group,6986.0,-9.0,2319.0,19135.7,"17,463",7676.0,-0.048,1057.0,18768.4,17584,Financials,Providence,RI,no
KLA,6918.7,19.2,2078.3,55170.9,"11,425",5806.4,0.271,1216.8,50906.3,10600,Technology,Milpitas,CA,no
Camping World Holdings,6913.8,26.9,278.5,2664.6,"12,834",5446.6,0.113,122.3,3452.5,11427,Retailing,Lincolnshire,IL,no
Ingredion,6894.0,15.1,117.0,5814.2,"12,000",5987.0,-0.036,348.0,6034.6,12000,"Food, Beverages & Tobacco",Westchester,IL,no
Veritiv,6850.5,8.0,144.6,2008.0,"6,100",6345.6,-0.172,34.2,679.5,6400,Wholesalers,Atlanta,GA,no
Beacon Roofing Supply,6820.4,-1.8,243.0,4175.9,"6,676",6943.9,-0.023,-80.9,3631.4,7582,Wholesalers,Herndon,VA,no
Diamondback Energy,6797.0,141.6,2182.0,24320.0,870,2813.0,-0.29,-4517.0,13288.7,732,Energy,Midland,TX,no
Academy Sports and Outdoors,6773.1,19.1,671.4,3433.5,"16,508",5689.2,0.178,308.8,2459.2,16500,Retailing,Katy,TX,no
Sanmina,6756.6,-2.9,269.0,2569.0,"33,500",6960.4,-0.155,139.7,2686.7,33500,Technology,San Jose,CA,no
ON Semiconductor,6739.8,28.3,1009.6,27078.7,"31,650",5255.0,-0.048,234.2,17138.4,32750,Technology,Phoenix,AZ,no
Commercial Metals,6729.8,22.9,412.9,5056.7,"11,089",5476.5,-0.06,279.5,3716.5,11297,Materials,Irving,TX,yes
EnLink Midstream,6685.9,71.7,22.4,4670.6,"1,073",3893.8,-0.357,-421.5,2102.3,1069,Energy,Dallas,TX,no
Southwestern Energy,6667.0,188.9,-25.0,7989.7,938,2308.0,-0.24,-3112.0,3136.2,900,Energy,Spring,TX,no
Equinix,6635.5,10.6,500.2,67280.5,"10,944",5998.5,0.078,369.8,60679.1,10013,Financials,Redwood City,CA,no
Regions Financial,6605.0,-0.8,2521.0,20860.9,"19,626",6655.0,-0.015,1094.0,19847.5,19406,Financials,Birmingham,AL,no
Yum Brands,6584.0,16.5,1575.0,34252.9,"25,650",5652.0,0.01,904.0,32460.0,38000,"Hotels, Restaurants & Leisure",Louisville,KY,no
Landstar System,6540.4,58.1,381.5,5600.0,"1,399",4136.4,0.011,192.1,6339.7,1320,Transportation,Jacksonville,FL,no
CF Industries Holdings,6538.3,58.5,917.1,21551.3,"3,003",4124.1,-0.102,317.0,9732.1,3038,Chemicals,Deerfield,IL,no
Northern Trust,6488.3,3.0,1545.3,24215.1,"21,100",6301.1,-0.086,1209.3,21854.2,20900,Financials,Chicago,IL,no
Robert Half International,6461.4,26.5,598.6,12638.1,"14,600",5109.0,-0.159,306.3,8831.7,13000,Business Services,Menlo Park,CA,no
Hasbro,6420.4,17.5,428.7,11383.6,"6,640",5465.4,0.158,222.5,13202.2,6822,Household Products,Pawtucket,RI,no
Roper Technologies,6415.8,16.1,1152.6,49868.8,"19,300",5527.1,0.03,949.7,42326.3,18400,Technology,Sarasota,FL,no
ARKO,6412.6,88.1,59.2,1133.9,"11,236",3409.4,-0.06,13.2,1236.8,10380,Retailing,Richmond,VA,no
Ameren,6394.0,10.4,990.0,24198.7,"9,116",5794.0,-0.02,871.0,20780.2,9183,Energy,St. Louis,MO,no
O-I Glass,6357.0,4.4,149.0,2058.0,"24,000",6091.0,-0.09,249.0,2327.1,25000,Materials,Perrysburg,OH,no
Chemours,6345.0,27.7,608.0,5015.0,"6,400",4969.0,-0.101,219.0,4610.6,6500,Chemicals,Wilmington,DE,no
Crown Castle International,6340.0,8.6,1096.0,79937.3,"5,000",5840.0,0.013,1056.0,74392.4,4900,Financials,Houston,TX,no
Agilent Technologies,6319.0,18.4,1210.0,39714.0,"17,000",5339.0,0.034,719.0,38739.2,16400,Technology,Santa Clara,CA,no
McCormick,6317.9,12.8,755.3,26754.0,"14,000",5601.3,0.047,747.4,23808.9,13000,"Food, Beverages & Tobacco",Hunt Valley,MD,no
Skechers U.S.A.,6310.2,36.8,741.5,6360.4,"8,950",4613.4,-0.12,98.6,6579.6,8800,Apparel,Manhattan Beach,CA,no
Watsco,6280.2,24.2,418.9,11842.6,"6,875",5054.9,0.06,269.6,10068.2,5800,Wholesalers,Miami,FL,no
Live Nation Entertainment,6268.4,236.8,-650.9,26425.0,"16,200",1861.2,-0.839,-1724.5,18457.7,8200,Media,Beverly Hills,CA,no
ABM Industries,6228.6,4.0,126.3,3078.7,"124,000",5987.6,-0.079,0.3,3422.2,114000,Business Services,New York,NY,no
Post Holdings,6226.7,9.3,166.7,4284.4,"10,735",5698.7,0.003,0.8,6804.9,10200,"Food, Beverages & Tobacco",St. Louis,MO,no
Moody's,6218.0,15.8,2214.0,62548.1,"13,460",5371.0,0.112,1778.0,55884.8,11490,Business Services,New York,NY,no
Select Medical Holdings,6204.5,12.2,402.2,3208.6,"43,200",5531.7,0.014,259.0,4598.0,42350,Health Care,Mechanicsburg,PA,no
Alaska Air Group,6176.0,73.2,478.0,7314.3,"21,691",3566.0,-0.594,-1324.0,8608.9,20677,Transportation,Seattle,WA,no
Big Lots,6150.6,-0.8,177.8,988.1,"23,350",6199.2,0.165,629.2,2394.3,23900,Retailing,Columbus,OH,no
Amkor Technology,6138.3,21.5,643.0,5313.0,"30,400",5050.6,0.246,338.1,5769.6,29050,Technology,Tempe,AZ,no
Sinclair Broadcast Group,6134.0,3.2,-414.0,2008.1,"11,500",5943.0,0.402,-2414.0,2167.0,11600,Media,Hunt Valley,MD,no
RPM International,6106.3,10.9,502.6,10560.8,"15,490",5507.0,-0.01,304.4,11949.9,14621,Chemicals,Medina,OH,no
M&T Bank,6105.8,-2.8,1858.7,21875.0,"17,342",6281.2,-0.095,1353.2,19502.2,17046,Financials,Buffalo,NY,no
Sprouts Farmers Market,6099.9,-5.7,244.2,3546.8,"31,000",6468.8,0.148,287.5,3139.9,33000,Food & Drug Stores,Phoenix,AZ,no
Huntington Bancshares,6080.0,16.1,1295.0,21123.4,"18,442",5238.0,-0.074,817.0,16071.9,15578,Financials,Columbus,OH,no
CACI International,6044.1,5.7,457.4,7051.2,"22,000",5720.0,0.147,321.5,6223.5,22900,Technology,Reston,VA,no
JetBlue Airways,6037.0,104.2,-182.0,4786.9,"17,459",2957.0,-0.635,-1354.0,6440.4,18485,Transportation,Long Island City,NY,no
SVB Financial Group,6027.0,47.7,1833.0,32901.0,"6,567",4081.8,0.156,1208.4,26602.6,4461,Financials,Santa Clara,CA,no
Fastenal,6010.9,6.4,925.0,34187.9,"18,370",5647.3,0.059,859.1,28877.9,20365,Wholesalers,Winona,MN,no
GameStop,6010.7,18.1,-381.3,12716.6,"22,500",5089.8,-0.213,-215.3,13275.2,22000,Retailing,Grapevine,TX,no
Knight-Swift Transportation Holdings,5998.0,28.3,743.4,8386.0,"27,650",4673.9,-0.035,410.0,7966.1,22800,Transportation,Phoenix,AZ,no
Airbnb,5991.8,77.4,-352.0,110419.9,"6,132",3378.2,-0.297,-4584.7,114349.2,5597,Technology,San Francisco,CA,no
Patterson,5912.1,7.7,156.0,3160.0,"7,800",5490.0,-0.015,-588.4,3087.5,7800,Health Care,St. Paul,MN,no
ServiceNow,5896.0,30.5,230.0,111378.0,"16,881",4519.5,0.306,118.5,98071.6,13096,Technology,Santa Clara,CA,no
Nasdaq,5886.0,4.6,1187.0,29298.2,"5,814",5627.0,0.32,933.0,24300.8,4830,Financials,New York,NY,yes
Brunswick,5846.2,34.5,593.3,6197.3,"18,582",4347.5,-0.046,372.7,7436.2,14382,Transportation,Mettawa,IL,no
Resideo Technologies,5846.0,15.3,242.0,3455.8,"13,300",5071.0,0.017,37.0,4043.7,14700,Materials,Scottsdale,AZ,no
Petco Health and Wellness,5807.1,18.0,164.4,5930.2,"28,495",4920.2,0.11,-26.5,6692.4,27081,Retailing,San Diego,CA,no
Kemper,5793.0,11.3,-120.5,3606.0,"10,300",5205.7,0.033,409.9,5229.2,9500,Financials,Chicago,IL,no
Hilton Worldwide Holdings,5788.0,34.4,410.0,42356.6,"142,000",4307.0,-0.544,-715.0,33568.3,141000,"Hotels, Restaurants & Leisure",McLean,VA,no
Cerner,5764.8,4.7,555.6,27492.2,"25,150",5505.8,-0.033,780.1,22016.4,26400,Health Care,North Kansas City,MO,no
Levi Strauss,5763.9,29.5,553.5,7874.7,"16,600",4452.6,-0.227,-127.1,9559.8,14800,Apparel,San Francisco,CA,no
Tapestry,5746.3,15.8,834.2,9807.2,"14,250",4961.4,-0.177,-652.1,11449.7,14850,Apparel,New York,NY,yes
NetApp,5744.0,6.1,730.0,18470.5,"11,000",5412.0,-0.119,819.0,16176.4,10800,Technology,San Jose,CA,no
KB Home,5724.9,36.9,564.7,2858.1,"2,244",4183.2,-0.081,296.2,4268.0,1776,Engineering & Construction,Los Angeles,CA,no
Continental Resources,5719.3,121.1,1661.0,22342.4,"1,254",2586.5,-0.442,-596.9,9447.6,1201,Energy,Oklahoma City,OK,no
Intuitive Surgical,5710.1,31.0,1704.6,108361.9,"9,793",4358.4,-0.027,1060.6,87474.3,8081,Health Care,Sunnyvale,CA,no
Under Armour,5683.5,27.0,360.1,7712.4,"12,300",4474.7,-0.15,-549.2,9161.9,11800,Apparel,Baltimore,MD,no
MDU Resources Group,5680.7,2.7,378.1,5419.3,"12,826",5532.8,0.037,390.2,6359.8,12994,Energy,Bismarck,ND,no
Silgan Holdings,5677.1,15.3,359.1,5104.3,"15,720",4921.9,0.096,308.7,4625.7,15610,Materials,Stamford,CT,no
Ryerson Holding,5675.3,63.7,294.3,1344.6,"4,000",3466.6,-0.23,-65.8,649.5,3900,Materials,Chicago,IL,no
Ingersoll Rand,5655.2,15.2,562.5,20541.2,"16,000",4910.2,1.003,-33.3,20607.4,15900,Industrials,Davidson,NC,no
Hologic,5632.3,49.1,1871.5,19305.1,"6,705",3776.4,0.121,1115.2,19164.9,5814,Health Care,Marlborough,MA,no
Electronic Arts,5629.0,1.7,837.0,35577.4,"11,000",5537.0,0.119,3039.0,38935.9,9800,Media,Redwood City,CA,no
Zebra Technologies,5627.0,26.5,837.0,21959.1,"9,800",4448.0,-0.008,504.0,25941.3,8800,Industrials,Lincolnshire,IL,no
Coty,5616.2,-16.6,-201.3,7540.6,"11,430",6737.9,-0.221,-1006.7,6908.8,18260,Household Products,New York,NY,yes
Schneider National,5608.7,23.2,405.4,4551.6,"17,050",4552.8,-0.041,211.7,4461.0,15225,Transportation,Green Bay,WI,no
Sonoco Products,5590.4,6.7,-85.5,6099.1,"20,500",5237.4,-0.025,207.5,6367.8,20000,Materials,Hartsville,SC,no
Evergy,5586.7,13.7,879.7,15512.7,"4,930",4913.4,-0.046,618.3,13512.9,5133,Energy,Kansas City,MO,no
Cornerstone Building Brands,5583.1,20.9,665.9,3088.7,"21,700",4617.4,-0.056,-482.8,1757.4,20230,Materials,Cary,NC,yes
Coca-Cola Consolidated,5562.7,11.1,189.6,4657.3,"15,050",5007.4,0.037,172.5,2706.9,14900,"Food, Beverages & Tobacco",Charlotte,NC,no
Greif,5556.1,23.1,390.7,3134.0,"16,000",4515.0,-0.017,108.8,2771.7,16000,Materials,Delaware,OH,no
Vulcan Materials,5552.2,14.3,670.8,24412.7,"11,912",4856.8,-0.015,584.5,22387.0,8847,Materials,Birmingham,AL,no
Ametek,5546.5,22.2,990.1,30787.3,"18,500",4540.0,-0.12,872.4,29480.1,16500,Technology,Berwyn,PA,no
Monster Beverage,5541.4,20.5,1377.5,42295.8,"3,775",4598.6,0.095,1409.6,48108.0,3340,"Food, Beverages & Tobacco",Corona,CA,no
Sealed Air,5533.8,12.9,506.8,9920.7,"16,500",4903.2,0.023,502.9,7098.4,16500,Materials,Charlotte,NC,no
NOV,5524.0,-9.3,-250.0,7700.2,"27,043",6090.0,-0.282,-2542.0,5326.3,27631,Energy,Houston,TX,no
Las Vegas Sands,5505.0,52.4,-961.0,29696.4,"44,600",3612.0,-0.737,-1685.0,46412.4,46000,"Hotels, Restaurants & Leisure",Las Vegas,NV,no
Martin Marietta Materials,5493.2,16.1,702.5,24015.1,"10,000",4729.9,-0.002,721.0,20917.1,8700,Materials,Raleigh,NC,no
Marathon Oil,5467.0,77.2,946.0,18349.5,"1,531",3086.0,-0.405,-1451.0,8427.3,1672,Energy,Houston,TX,no
Mattel,5457.7,19.1,903.0,7823.3,"36,300",4583.7,0.018,126.6,6935.5,32100,Household Products,El Segundo,CA,no
Microchip Technology,5438.4,3.1,349.4,41777.1,"19,500",5274.2,-0.014,570.6,41794.8,18000,Technology,Chandler,AZ,no
Harley-Davidson,5336.3,31.6,650.0,6062.9,"5,800",4054.4,-0.244,1.3,6147.9,5150,Transportation,Milwaukee,WI,no
Telephone & Data Systems,5329.0,2.0,156.0,2163.4,"8,800",5225.0,0.009,226.0,2625.8,9200,Telecommunications,Chicago,IL,no
ADT,5307.1,-0.1,-340.8,6843.0,"25,000",5314.8,0.037,-632.2,6893.6,20500,Business Services,Boca Raton,FL,no
First Republic Bank,5305.0,17.7,1478.0,29113.6,"6,295",4506.9,0.084,1064.2,29390.0,5483,Financials,San Francisco,CA,no
Warner Music Group,5301.0,18.8,304.0,19485.7,"5,900",4463.0,-0.003,-475.0,17657.7,5500,Media,New York,NY,no
Pool,5295.6,34.5,650.6,16967.1,"5,650",3936.6,0.23,366.7,13863.5,4750,Wholesalers,Covington,LA,no
Old Dominion Freight Line,5256.3,30.9,1034.4,34307.5,"23,663",4015.1,-0.023,672.7,28112.9,19779,Transportation,Thomasville,NC,no
Fortive,5254.7,13.4,608.4,21877.9,"18,000",4634.4,-0.367,1613.3,23881.5,17000,Industrials,Everett,WA,no
MDC Holdings,5254.7,34.7,573.7,2692.7,"2,080",3901.2,0.185,367.6,4160.3,1773,Engineering & Construction,Denver,CO,no
NGL Energy Partners,5243.2,-73.5,-639.8,288.6,997,19770.9,-0.179,-397.0,263.5,1400,Energy,Tulsa,OK,no
Edwards Lifesciences,5232.5,19.3,1503.1,73141.4,"15,700",4386.3,0.009,823.4,52027.1,14900,Health Care,Irvine,CA,no
Hanover Insurance Group,5227.8,8.3,418.7,5317.9,"4,400",4827.3,-0.014,358.7,4709.8,4300,Financials,Worcester,MA,no
Syneos Health,5213.0,18.1,234.8,8436.7,"27,443",4415.8,-0.056,192.8,7905.1,24386,Health Care,Morrisville,NC,yes
Xylem,5195.0,6.5,427.0,15354.7,"16,700",4876.0,-0.071,254.0,18932.7,16150,Industrials,Washington,DC,no
Church & Dwight,5190.1,6.0,827.5,24119.1,"5,100",4895.8,0.123,785.9,21408.4,5100,Household Products,Ewing,NJ,no
American Axle & Manufacturing,5156.6,9.5,5.9,888.3,"18,000",4710.8,-0.279,-561.3,1100.4,20000,Motor Vehicles & Parts,Detroit,MI,no
Meritage Homes,5141.3,14.2,737.4,2907.3,"1,773",4501.2,0.228,423.5,3448.1,1570,Engineering & Construction,Scottsdale,AZ,no
Workday,5138.8,19.0,29.4,60583.4,"15,200",4318.0,0.19,-282.4,60368.5,12500,Technology,Pleasanton,CA,no
Rush Enterprises,5126.1,8.2,241.4,2788.5,"7,141",4735.9,-0.185,114.9,2685.6,6307,Retailing,New Braunfels,TX,no
Yellow,5121.8,13.5,-109.1,360.3,"32,000",4513.7,-0.073,-53.5,449.9,30000,Transportation,Nashville,TN,no
Encompass Health,5121.6,10.3,412.2,7071.1,"35,681",4644.4,0.009,284.2,8129.9,35536,Health Care,Birmingham,AL,no
Simon Property Group,5116.8,11.1,2249.6,43197.8,"2,850",4607.5,-0.199,1112.6,37338.1,2850,Financials,Indianapolis,IN,no
Globe Life,5112.9,7.9,745.0,9977.3,"3,222",4737.9,0.046,731.8,11203.5,3261,Financials,McKinney,TX,no
Skyworks Solutions,5109.1,52.3,1498.3,21547.5,"10,945",3355.7,-0.006,814.8,30290.4,10000,Technology,Irvine,CA,no
Twitter,5077.5,36.6,-221.4,30976.8,"7,500",3716.3,0.074,-1135.6,50786.4,5500,Technology,San Francisco,CA,no
Leggett & Platt,5072.6,18.5,402.4,4659.0,"20,300",4280.2,-0.099,247.6,6070.9,20400,Household Products,Carthage,MO,no
Western Union,5070.8,4.9,805.8,7374.7,"10,500",4835.0,-0.086,744.3,10133.3,11000,Business Services,Denver,CO,no
PerkinElmer,5067.2,34.0,943.2,22009.4,"16,700",3782.7,0.312,727.9,14376.4,14000,Health Care,Waltham,MA,no
SS&C Technologies Holdings,5051.0,8.2,800.0,19235.1,"24,900",4667.9,0.008,625.2,18005.2,24600,Technology,Windsor,CT,no
FMC,5045.2,8.7,736.5,16563.8,"6,400",4642.1,-0.004,551.5,14325.0,6400,Chemicals,Philadelphia,PA,no
Carlisle,5030.0,18.5,421.7,12804.5,"11,250",4245.2,-0.118,320.1,8670.0,12500,Materials,Scottsdale,AZ,no
American Eagle Outfitters,5010.8,33.3,419.6,2836.6,"24,000",3759.1,-0.127,-209.3,4874.3,21750,Retailing,Pittsburgh,PA,no
Vertiv Holdings,4998.1,14.4,119.6,5263.9,"24,000",4370.6,-0.014,-183.6,7028.8,20972,Industrials,Columbus,OH,no
Broadridge Financial Solutions,4993.7,10.3,547.5,18182.7,"13,704",4529.0,0.038,462.5,17728.8,12000,Business Services,Lake Success,NY,no
Ingles Markets,4987.9,8.2,249.7,1691.4,"18,460",4610.6,0.097,178.6,1245.3,18765,Food & Drug Stores,Black Mountain,NC,no
Insperity,4973.1,16.0,124.1,3849.8,"3,600",4287.0,-0.006,138.2,3199.9,3600,Business Services,Kingwood,TX,no
Howmet Aerospace,4972.0,-5.5,258.0,15055.4,"19,900",5259.0,-0.629,261.0,13932.0,19700,Aerospace & Defense,Pittsburgh,PA,no
Keysight Technologies,4941.0,17.1,894.0,28746.6,"14,300",4221.0,-0.019,627.0,26684.5,13900,Technology,Santa Rosa,CA,no
Tempur Sealy International,4930.8,34.1,624.5,4997.7,"12,000",3676.9,0.184,348.8,7376.6,9000,Household Products,Lexington,KY,no
Scotts Miracle-Gro,4925.0,19.2,512.5,6834.6,"8,050",4131.6,0.309,387.4,13645.6,6866,Chemicals,Marysville,OH,no
Equifax,4923.9,19.3,744.2,29141.8,"12,700",4127.5,0.177,520.1,22174.5,11400,Business Services,Atlanta,GA,no
Kelly Services,4909.7,8.7,156.1,856.0,"7,400",4516.0,-0.157,-72.0,875.4,7100,Business Services,Troy,MI,no
NiSource,4899.6,4.7,584.9,12891.2,"7,307",4681.7,-0.101,-17.6,9447.7,7345,Energy,Merrillville,IN,no
DoorDash,4888.0,69.4,-468.0,40830.3,"8,600",2886.0,2.261,-461.0,42153.5,3886,Technology,San Francisco,CA,no
Avient,4818.8,48.6,230.8,4388.4,"8,700",3242.1,-0.033,131.6,4315.5,8400,Chemicals,Avon Lake,OH,no
Sanderson Farms,4799.7,34.7,455.1,4185.4,"17,662",3564.3,0.036,28.3,3478.6,17445,"Food, Beverages & Tobacco",Laurel,MS,no
TransDigm Group,4798.0,-7.4,680.0,36135.8,"13,300",5182.0,-0.061,699.0,32152.7,14200,Aerospace & Defense,Cleveland,OH,no
Stifel Financial,4783.1,25.3,824.9,7226.0,"8,600",3817.8,0.086,503.5,6724.6,8500,Financials,St. Louis,MO,no
JELD-WEN Holding,4771.7,12.7,168.8,1826.0,"24,700",4235.7,-0.013,91.6,2770.0,23000,Materials,Charlotte,NC,no
Elanco Animal Health,4765.0,45.6,-472.0,12345.4,"9,800",3273.3,0.066,-560.1,13924.0,10200,Health Care,Greenfield,IN,no
Prologis,4759.4,7.2,2939.7,119524.5,"2,053",4438.7,0.333,1481.8,78412.9,1945,Financials,San Francisco,CA,no
Welltower,4742.1,3.0,336.1,43001.5,464,4606.0,-0.101,978.8,29897.1,423,Financials,Toledo,OH,no
Darling Ingredients,4741.4,32.7,650.9,12987.4,"9,900",3571.9,0.062,296.8,12004.7,10000,"Food, Beverages & Tobacco",Irving,TX,no
Gartner,4734.0,15.5,793.6,24477.2,"16,600",4099.4,-0.034,266.7,16196.1,15600,Technology,Stamford,CT,no
Par Pacific Holdings,4710.1,50.7,-81.3,783.3,"1,336",3124.9,-0.421,-409.1,843.7,1403,Energy,Houston,TX,no
Hubbell,4703.5,12.4,399.5,9959.6,"18,300",4186.0,-0.088,351.2,10151.3,19100,Industrials,Shelton,CT,no
CME Group,4689.7,-4.0,2636.4,85492.3,"3,480",4883.6,0.003,2105.2,73330.0,4370,Financials,Chicago,IL,no
Nexstar Media Group,4648.4,3.3,834.6,7728.3,"11,817",4501.3,0.481,811.4,6092.5,11749,Media,Irving,TX,no
Tutor Perini,4641.8,-12.7,91.9,551.8,"7,800",5318.8,0.195,108.4,964.8,8700,Engineering & Construction,Sylmar,CA,no
Antero Resources,4619.4,32.3,-186.9,9608.0,519,3491.7,-0.208,-1267.9,3072.1,522,Energy,Denver,CO,no
Teledyne Technologies,4614.3,49.5,445.3,22102.9,"14,500",3086.2,-0.024,401.9,15314.3,10670,Aerospace & Defense,Thousand Oaks,CA,no
Snap-on,4601.7,16.7,820.5,10976.1,"12,800",3942.2,-0.031,627.0,12561.0,12300,Industrials,Kenosha,WI,no
Rent-A-Center,4583.5,62.9,134.9,1486.9,"14,290",2814.2,0.054,208.1,3137.5,14320,Retailing,Plano,TX,no
Crestwood Equity Partners,4569.0,102.7,-78.5,2931.5,645,2254.3,-0.292,-56.1,2074.6,731,Energy,Houston,TX,no
Louisiana-Pacific,4553.0,63.3,1377.0,5344.1,"4,800",2788.0,0.207,499.0,5909.0,4500,Materials,Nashville,TN,no
Urban Outfitters,4548.8,31.9,310.6,2421.4,"16,330",3449.7,-0.134,1.2,3637.8,14250,Retailing,Philadelphia,PA,no
Amerco,4542.0,14.2,610.9,11704.7,"22,052",3978.9,0.056,442.0,12011.7,22200,Transportation,Reno,NV,no
TriNet Group,4540.0,12.5,338.0,6482.5,"2,800",4034.0,0.046,272.0,5144.6,2700,Business Services,Dublin,CA,no
Illumina,4526.0,39.7,762.0,54855.8,"10,775",3239.0,-0.086,656.0,56034.4,8575,Technology,San Diego,CA,no
Iron Mountain,4491.5,8.3,450.2,16059.5,"25,000",4147.3,-0.027,342.7,10674.5,24000,Business Services,Boston,MA,no
LCI Industries,4472.7,60.0,287.7,2624.5,"13,900",2796.2,0.179,158.4,3328.0,12400,Motor Vehicles & Parts,Elkhart,IN,no
PennyMac Financial Services,4450.2,-1.9,1003.5,2948.5,"7,208",4536.0,0.995,1646.9,4630.4,6632,Financials,Westlake Village,CA,no
Digital Realty Trust,4427.9,13.4,1709.3,40337.7,"3,030",3903.6,0.216,356.4,39593.1,2878,Financials,Austin,TX,no
TreeHouse Foods,4405.5,-3.6,-12.5,1800.0,"10,000",4570.5,-0.072,13.8,2921.2,10900,"Food, Beverages & Tobacco",Oak Brook,IL,no
Ralph Lauren,4400.8,-28.6,-121.1,8073.2,"16,200",6159.8,-0.024,384.3,9005.3,19300,Apparel,New York,NY,no
American National Group,4391.8,15.8,699.3,5084.1,"4,545",3792.4,-0.068,467.5,2900.3,4600,Financials,Galveston,TX,no
Autodesk,4386.4,15.7,497.0,46580.0,"12,600",3790.4,0.158,1208.2,60860.0,11500,Technology,San Rafael,CA,no
Domino's Pizza,4357.4,5.8,510.5,14665.9,"10,450",4117.4,0.138,491.3,14270.4,10650,"Hotels, Restaurants & Leisure",Ann Arbor,MI,no
ASGN,4333.8,9.7,409.9,6022.2,"3,900",3950.6,0.007,200.3,5058.3,4200,Business Services,Glen Allen,VA,no
Flowers Foods,4330.8,-1.3,206.2,5438.6,"8,900",4388.0,0.064,152.3,5038.5,9200,"Food, Beverages & Tobacco",Thomasville,GA,no
BlueLinx Holdings,4277.2,38.1,296.1,699.5,"2,045",3097.3,0.174,80.9,371.1,2100,Wholesalers,Marietta,GA,no
Palo Alto Networks,4256.1,24.9,-498.9,61307.5,"10,473",3408.4,0.175,-267.0,31318.0,8014,Technology,Santa Clara,CA,no
Maximus,4254.5,22.9,291.2,4641.1,"35,800",3461.5,0.199,214.5,5471.7,34300,Technology,Reston,VA,no
Dentsply Sirona,4251.0,27.2,421.0,10708.0,"15,000",3342.0,-0.171,-83.0,13977.5,15000,Health Care,Charlotte,NC,no
Hub Group,4232.4,21.1,171.5,2678.5,"4,700",3495.6,-0.047,73.6,2316.7,5000,Transportation,Oak Brook,IL,no
Voya Financial,4230.0,-53.7,2126.0,7042.2,"5,970",9133.0,0.021,-206.0,7878.5,5970,Financials,New York,NY,no
Weis Markets,4224.4,2.7,108.8,1921.1,"24,000",4112.6,0.161,118.9,1520.3,24000,Food & Drug Stores,Sunbury,PA,no
Century Communities,4216.3,33.4,498.5,1783.2,"1,600",3161.2,0.247,206.2,2033.3,1403,Engineering & Construction,Greenwood Village,CO,no
Synopsys,4204.2,14.1,757.5,51023.2,"16,361",3685.3,0.097,664.3,37755.0,15036,Technology,Mountain View,CA,no
Brink's,4200.2,13.8,105.2,3234.4,"73,350",3690.9,0.002,16.0,3939.5,75100,Business Services,Richmond,VA,no
Lennox International,4194.1,15.4,464.0,9447.2,"11,000",3634.1,-0.045,356.3,11757.4,10300,Industrials,Richardson,TX,no
Service Corp. International,4143.1,18.0,802.9,10581.3,"20,840",3511.5,0.087,515.9,8646.4,20319,Business Services,Houston,TX,no
Conduent,4140.0,-0.6,-28.0,1111.6,"60,000",4163.0,-0.068,-118.0,1412.9,63000,Business Services,Florham Park,NJ,no
Timken,4132.9,17.6,369.1,4539.6,"18,029",3513.2,-0.073,284.5,6165.9,17430,Industrials,North Canton,OH,no
Bloomin' Brands,4122.4,30.0,215.6,1966.6,"82,000",3170.6,-0.234,-158.7,2403.5,77000,"Hotels, Restaurants & Leisure",Tampa,FL,no
CNO Financial Group,4122.2,7.9,441.0,2945.7,"3,350",3821.1,-0.048,301.8,3245.4,3400,Financials,Carmel,IN,no
Snap,4117.0,64.2,-488.0,58458.4,"5,661",2506.6,0.461,-944.8,78869.2,3863,Technology,Santa Monica,CA,no
Zoom Video Communications,4099.9,54.6,1375.6,35066.3,"6,787",2651.4,3.258,672.3,94367.7,4422,Technology,San Jose,CA,no
Patrick Industries,4078.1,64.0,224.9,1408.2,"11,000",2486.6,0.064,97.1,2001.2,8700,Materials,Elkhart,IN,no
Paychex,4056.8,0.4,1097.5,49268.0,"15,000",4040.5,0.071,1098.1,35349.1,15700,Business Services,Rochester,NY,no
Atlas Air Worldwide Holdings,4030.8,25.5,493.3,2523.4,"4,056",3211.1,0.172,360.3,1740.5,4061,Transportation,Purchase,NY,no
Qorvo,4015.3,24.0,733.6,13456.4,"8,750",3239.1,0.048,334.3,20693.1,7900,Technology,Greensboro,NC,no
Catalent,3998.0,29.2,585.0,19862.7,"17,300",3094.3,0.229,220.7,17926.6,13900,Health Care,Somerset,NJ,no
Mercury General,3993.4,5.5,247.9,3045.4,"4,300",3784.5,-0.047,374.6,3367.1,4300,Financials,Los Angeles,CA,no
AMN Healthcare Services,3984.2,66.4,327.4,4796.1,"3,800",2393.7,0.077,70.7,3477.2,3000,Health Care,Dallas,TX,yes
Tri Pointe Homes,3982.2,22.1,469.3,2160.1,"1,390",3260.4,0.058,282.2,2430.3,1163,Engineering & Construction,Incline Village,NV,no
ArcBest,3980.1,35.4,213.5,1979.7,"14,000",2940.2,-0.016,71.1,1787.1,13000,Transportation,Fort Smith,AR,yes
Toro,3959.6,17.2,409.9,8936.9,"10,982",3378.8,0.077,329.7,11099.9,10385,Industrials,Bloomington,MN,no
Spirit AeroSystems Holdings,3953.0,16.1,-540.8,5130.6,"16,100",3404.8,-0.567,-870.3,5129.7,14500,Aerospace & Defense,Wichita,KS,no
Align Technology,3952.6,59.9,772.0,34354.8,"22,540",2471.9,0.027,1775.9,42854.3,18070,Health Care,Tempe,AZ,no
loanDepot,3943.2,-11.3,113.5,1290.3,"11,307",4443.6,2.028,2013.1,6089.1,11763,Financials,Foothill Ranch,CA,no
American Water Works,3930.0,4.1,1263.0,30085.5,"6,400",3777.0,0.046,709.0,27205.6,7000,Energy,Camden,NJ,yes
Matson,3925.3,64.7,927.4,4927.5,"4,259",2383.3,0.082,193.1,2897.1,4149,Transportation,Honolulu,HI,no
Diebold Nixdorf,3905.2,0.1,-78.8,531.2,"22,000",3902.3,-0.115,-269.1,1104.7,22000,Technology,Hudson,OH,no
Marriott Vacations Worldwide,3890.0,34.8,49.0,6620.0,"20,300",2886.0,-0.337,-275.0,7183.2,18000,"Hotels, Restaurants & Leisure",Orlando,FL,no
Terex,3886.8,26.1,220.9,2485.5,"8,600",3082.4,-0.341,-10.6,3212.3,8200,Industrials,Norwalk,CT,no
Sally Beauty Holdings,3875.0,10.3,239.9,1720.5,"29,000",3514.3,-0.093,113.2,2271.0,30000,Retailing,Denton,TX,yes
Meritor,3833.0,25.9,199.0,2519.4,"9,600",3044.0,-0.306,245.0,2134.0,8600,Motor Vehicles & Parts,Troy,MI,no
Ventas,3828.0,0.9,49.0,24676.2,434,3795.4,-0.02,439.1,19984.3,448,Financials,Chicago,IL,yes
GoDaddy,3815.7,15.0,242.3,14018.7,"6,611",3316.7,0.11,-495.1,13201.3,6621,Technology,Tempe,AZ,no
Regal Rexnord,3810.3,31.1,209.9,10002.1,"30,000",2907.0,-0.102,189.3,5796.2,23000,Industrials,Beloit,WI,no
Clean Harbors,3805.6,21.0,203.2,6073.8,"18,300",3144.1,-0.079,134.8,4606.2,13500,Business Services,Norwell,MA,no
Pinnacle West Capital,3803.8,6.0,618.7,8820.0,"5,872",3587.0,0.033,550.6,9167.5,6026,Energy,Phoenix,AZ,no
Mueller Industries,3769.3,57.2,468.5,3100.4,"5,337",2398.0,-0.013,139.5,2361.7,5007,Industrials,Collierville,TN,no
Wynn Resorts,3763.7,79.6,-755.8,9243.3,"26,950",2095.9,-0.683,-2067.2,14497.8,27500,"Hotels, Restaurants & Leisure",Las Vegas,NV,no
RH,3758.8,32.0,688.5,7079.0,"6,100",2848.6,0.076,271.8,12526.7,4750,Retailing,Corte Madera,CA,no
EPAM Systems,3758.1,41.3,481.7,16870.7,"58,824",2659.5,0.159,327.2,22285.8,41168,Technology,Newtown,PA,no
M/I Homes,3745.9,23.0,396.9,1262.2,"1,657",3046.1,0.218,239.9,1719.5,1515,Engineering & Construction,Columbus,OH,no
Generac Holdings,3737.2,50.4,550.5,18960.3,"9,248",2485.2,0.127,350.6,20584.0,6625,Industrials,Waukesha,WI,no
Mettler-Toledo International,3717.9,20.5,769.0,31220.3,"16,700",3085.2,0.025,602.7,26951.7,15700,Technology,Columbus,OH,no
Abercrombie & Fitch,3712.8,18.8,263.0,1619.5,"19,250",3125.4,-0.137,-114.0,2131.1,20550,Retailing,New Albany,OH,yes
Teradyne,3702.9,18.6,1014.6,19202.6,"5,900",3121.5,0.36,784.1,20267.6,5500,Technology,North Reading,MA,no
American Equity Investment Life Holding,3689.5,52.2,474.0,3869.2,850,2424.6,-0.3,671.5,3009.0,656,Financials,West Des Moines,IA,no
Southwest Gas Holdings,3680.5,11.6,200.8,5233.6,"12,720",3298.9,0.057,232.3,3935.9,11149,Energy,Las Vegas,NV,yes
Pitney Bowes,3673.6,3.4,-1.4,900.1,"11,500",3554.1,0.022,-181.5,1431.0,11500,Technology,Stamford,CT,no
Lamb Weston Holdings,3670.9,-3.2,317.8,8699.1,"7,800",3792.4,0.01,365.9,11339.6,7700,"Food, Beverages & Tobacco",Eagle,ID,no
Alliant Energy,3669.0,7.4,659.0,15670.6,"3,313",3416.0,-0.064,614.0,13533.6,3375,Energy,Madison,WI,no
Resolute Forest Products,3664.0,30.9,307.0,991.7,"6,900",2800.0,-0.042,10.0,884.9,7100,Materials,Calhoun,TN,no
Parsons,3660.8,-6.6,64.1,4012.0,"15,500",3918.9,-0.009,98.5,4139.5,15500,Aerospace & Defense,Centreville,VA,yes
Trimble,3659.1,16.2,492.7,18122.7,"11,931",3147.7,-0.036,389.9,19551.9,11402,Technology,Sunnyvale,CA,no
OGE Energy,3653.7,72.2,737.3,8164.2,"2,185",2122.3,-0.049,-173.7,6472.7,2360,Energy,Oklahoma City,OK,no
Winnebago Industries,3629.8,54.1,281.9,1770.9,"6,532",2355.5,0.186,61.4,2577.5,5505,Motor Vehicles & Parts,Eden Prairie,MN,no
Ciena,3620.7,2.5,500.2,9223.4,"7,205",3532.2,-0.011,361.3,8481.8,7032,Technology,Hanover,MD,no
PriceSmart,3619.9,8.7,98.0,2434.1,"10,400",3329.2,0.033,78.1,2973.9,9500,Retailing,San Diego,CA,yes
Advantage Solutions,3602.3,14.2,54.5,2029.6,"45,000",3155.7,-0.166,-162.4,3760.9,40000,Business Services,Irvine,CA,yes
H&R Block,3588.6,35.9,683.9,4284.6,"38,000",2639.7,-0.147,-7.5,3955.2,42000,Financials,Kansas City,MO,no
iHeartMedia,3558.3,20.7,-159.2,2728.1,"9,990",2948.2,-0.2,-1914.7,2584.6,9588,Media,San Antonio,TX,no
Super Micro Computer,3557.4,6.5,111.9,1963.0,"4,155",3339.3,-0.046,84.3,1975.5,3987,Technology,San Jose,CA,no
Flowserve,3541.1,-5.0,125.9,4681.4,"16,000",3728.1,-0.054,116.3,5056.0,16000,Industrials,Irving,TX,no
Charles River Laboratories International,3540.2,21.1,391.0,14425.4,"19,300",2923.9,0.115,364.3,14552.4,18400,Health Care,Wilmington,MA,no
A.O. Smith,3538.9,22.2,487.1,10032.2,"13,700",2895.3,-0.033,344.9,10932.7,13900,Industrials,Milwaukee,WI,no
Granite Construction,3501.9,-1.7,10.1,1504.7,"2,600",3562.5,0.034,-145.1,1843.0,4100,Engineering & Construction,Watsonville,CA,no
Valmont Industries,3501.6,20.9,195.6,5083.4,"11,041",2895.4,0.046,140.7,5053.7,10844,Materials,Omaha,NE,no
Sprague Resources,3498.2,49.8,-68.9,433.7,757,2336.0,-0.333,33.8,502.3,765,Energy,Portsmouth,NH,no
Primoris Services,3497.6,0.2,115.6,1269.8,"10,810",3491.5,0.124,105.0,1779.9,10414,Engineering & Construction,Dallas,TX,no
Cboe Global Markets,3494.8,2.0,529.0,12148.2,"1,196",3427.1,0.373,468.2,10580.6,1010,Financials,Chicago,IL,no
Carter's,3486.4,15.3,339.7,3763.4,"15,900",3024.3,-0.141,109.7,3908.5,18000,Apparel,Atlanta,GA,no
TopBuild,3486.2,28.3,324.0,5987.1,"13,006",2718.0,0.036,247.0,6925.4,10540,Engineering & Construction,Daytona Beach,FL,no
SiteOne Landscape Supply,3475.7,28.5,238.4,7255.5,"5,475",2704.5,0.147,121.3,7579.5,4680,Wholesalers,Roswell,GA,no
Texas Roadhouse,3463.9,44.4,245.3,5787.8,"73,300",2398.1,-0.13,31.3,6679.3,32474,"Hotels, Restaurants & Leisure",Louisville,KY,no
Akamai Technologies,3461.2,8.2,651.6,19210.0,"8,700",3198.1,0.105,557.1,16632.1,8368,Technology,Cambridge,MA,no
Acuity Brands,3461.0,4.0,306.3,6628.9,"13,000",3326.3,-0.094,248.3,5891.4,11500,Industrials,Atlanta,GA,no
Brown-Forman,3461.0,2.9,903.0,31376.6,"4,700",3363.0,0.012,827.0,32119.3,4800,"Food, Beverages & Tobacco",Louisville,KY,no
Navient,3454.0,-7.3,717.0,2592.3,"5,263",3728.0,-0.326,412.0,2629.8,6485,Financials,Wilmington,DE,no
Option Care Health,3438.6,13.4,139.9,5139.0,"6,334",3032.6,0.313,-8.1,3189.9,5499,Health Care,Bannockburn,IL,no
Floor & Decor Holdings,3433.5,41.5,283.2,8573.8,"9,276",2425.8,0.186,195.0,9988.2,7593,Retailing,Atlanta,GA,no
Public Storage,3415.8,17.2,1953.3,68438.2,"5,800",2915.1,0.024,1357.2,43131.1,5400,Financials,Glendale,CA,no
Cabot,3409.0,30.4,250.0,3871.1,"4,500",2614.0,-0.217,-238.0,2969.0,4500,Chemicals,Boston,MA,no
Atmos Energy,3407.5,20.8,665.6,16182.8,"4,684",2821.1,-0.028,601.4,12668.7,4694,Energy,Dallas,TX,no
Selective Insurance Group,3379.2,15.6,403.8,5391.5,"2,440",2922.3,0.027,246.4,4354.1,2400,Financials,Branchville,NJ,no
Take-Two Interactive Software,3372.8,9.2,588.9,17744.1,"6,495",3089.0,0.158,404.5,20351.9,5800,Media,New York,NY,no
Boyd Gaming,3369.8,54.7,463.8,7234.0,"15,114",2178.5,-0.345,-134.7,6608.3,14284,"Hotels, Restaurants & Leisure",Las Vegas,NV,no
Plexus,3368.9,-0.6,138.9,2298.6,"19,200",3390.4,0.071,117.5,2646.7,19500,Technology,Neenah,WI,no
ScanSource,3364.2,-6.8,10.8,890.8,"2,200",3609.2,-0.068,-192.7,762.3,2200,Wholesalers,Greenville,SC,no
Franchise Group,3362.7,56.2,363.8,1669.6,"11,895",2152.5,7.11,25.1,1447.8,6421,Retailing,Delaware,OH,no
Mr. Cooper Group,3344.0,22.4,1454.0,3369.4,"8,200",2733.0,0.362,305.0,3150.0,9800,Financials,Coppell,TX,no
Fortinet,3342.2,28.8,606.8,54957.1,"10,195",2594.4,0.199,488.5,30095.7,8238,Technology,Sunnyvale,CA,no
Brinker International,3337.8,8.4,131.6,1701.9,"59,491",3078.5,-0.043,24.4,3230.4,62200,"Hotels, Restaurants & Leisure",Dallas,TX,no
Albemarle,3328.0,6.4,123.7,25899.4,"6,000",3128.9,-0.128,375.8,17053.7,5900,Chemicals,Charlotte,NC,no
Peabody Energy,3318.3,15.2,360.1,3391.5,"4,900",2881.1,-0.377,-1870.3,300.9,4600,Energy,St. Louis,MO,no
Evercore,3307.1,44.7,740.1,4275.1,"1,940",2285.3,0.126,350.6,5536.1,1791,Financials,New York,NY,no
Stewart Information Services,3305.8,44.5,323.2,1635.1,"7,300",2288.4,0.18,154.9,1392.0,5800,Financials,Houston,TX,no
Central Garden & Pet,3303.7,22.6,151.7,2286.5,"6,750",2695.5,0.131,120.7,2937.0,5950,Household Products,Walnut Creek,CA,no
GMS,3298.8,1.8,105.6,2142.1,"5,843",3241.3,0.04,23.4,1788.8,5611,Wholesalers,Tucker,GA,no
H.B. Fuller,3278.0,17.5,161.4,3505.2,"6,500",2790.3,-0.037,123.7,3286.9,6428,Chemicals,St. Paul,MN,no
Middleby,3250.8,29.3,488.5,8961.1,"10,624",2513.3,-0.151,207.3,9222.1,9289,Industrials,Elgin,IL,no
Renewable Energy Group,3244.1,51.8,213.8,3056.2,"1,196",2137.1,-0.191,122.8,2977.4,895,Energy,Ames,IA,yes
MSC Industrial Direct,3243.2,1.6,216.9,4758.3,"6,472",3192.4,-0.051,251.1,5033.9,6315,Wholesalers,Melville,NY,no
Vishay Intertechnology,3240.5,29.5,298.0,2840.1,"22,800",2501.9,-0.062,122.9,3485.1,21600,Technology,Malvern,PA,no
Applied Industrial Technologies,3235.9,-0.3,144.8,3947.9,"5,947",3245.7,-0.065,24.0,3540.3,6200,Wholesalers,Cleveland,OH,no
Lincoln Electric Holdings,3234.2,21.8,276.5,8079.1,"11,000",2655.4,-0.116,206.1,7334.6,10700,Industrials,Cleveland,OH,no
First Horizon,3234.0,-4.6,999.0,12542.9,"7,676",3390.0,0.488,845.0,9362.6,8358,Financials,Memphis,TN,no
AptarGroup,3227.2,10.2,244.1,7702.9,"13,000",2929.3,0.024,214.0,9352.0,13000,Materials,Crystal Lake,IL,no
Citrix Systems,3217.2,-0.6,307.5,12704.6,"9,700",3236.7,0.075,504.4,17259.2,9000,Technology,Fort Lauderdale,FL,no
IDEXX Laboratories,3215.4,18.8,744.8,46089.3,"10,350",2706.7,0.125,581.8,41899.5,9300,Health Care,Westbrook,ME,no
Tetra Tech,3213.5,7.3,232.8,8906.7,"21,000",2994.9,-0.036,173.9,7359.9,20000,Engineering & Construction,Pasadena,CA,no
Lyft,3208.3,35.7,-1009.4,13384.6,"4,453",2364.7,-0.346,-1752.9,20781.8,4675,Technology,San Francisco,CA,no
Gannett,3208.1,-5.8,-135.0,643.9,"16,300",3405.7,0.823,-670.5,748.0,20800,Media,McLean,VA,no
ResMed,3196.8,8.1,474.5,35463.3,"7,970",2957.0,0.134,621.7,28231.7,7770,Health Care,San Diego,CA,no
Designer Brands,3196.6,43.0,154.5,991.4,"13,500",2234.7,-0.36,-488.7,1259.8,11400,Retailing,Columbus,OH,no
Graham Holdings,3186.0,10.3,352.1,3000.6,"15,048",2889.1,-0.015,300.4,2813.1,16661,Business Services,Arlington,VA,no
Worthington Industries,3171.4,3.7,723.8,2537.8,"9,000",3059.1,-0.186,78.8,3476.1,9000,Materials,Columbus,OH,no
Calumet Specialty Products Partners,3148.0,38.8,-260.1,1070.8,"1,450",2268.2,-0.343,-149.0,479.7,1400,Energy,Indianapolis,IN,no
TransUnion,3145.0,15.8,1387.1,19882.6,"10,200",2716.6,0.023,343.2,17214.5,8200,Business Services,Chicago,IL,no
Travel + Leisure,3134.0,45.1,308.0,4966.2,"16,800",2160.0,-0.466,-255.0,5255.6,15500,"Hotels, Restaurants & Leisure",Orlando,FL,no
Dycom Industries,3130.5,-2.1,48.6,2821.0,"15,024",3199.2,-0.042,34.3,2842.7,14276,Engineering & Construction,Palm Beach Gardens,FL,no
Columbia Sportswear,3126.4,25.0,354.1,5840.4,"8,325",2501.6,-0.178,108.0,7012.4,7275,Apparel,Portland,OR,no
Grocery Outlet Holding,3079.6,-1.8,62.3,3148.0,875,3134.6,0.225,106.7,3513.8,860,Food & Drug Stores,Emeryville,CA,no
AMC Networks,3077.6,9.3,250.6,1721.7,"1,883",2815.0,-0.08,240.0,2204.0,2180,Media,New York,NY,yes
Hyster-Yale Materials Handling,3075.7,9.4,-173.0,561.2,"8,100",2812.1,-0.146,37.1,1464.7,7600,Industrials,Cleveland,OH,no
ChampionX,3075.0,61.8,113.3,4976.7,"7,000",1900.0,0.68,-743.9,4368.1,6600,Energy,The Woodlands,TX,no
Comfort Systems USA,3073.6,7.6,143.3,3200.5,"13,200",2856.7,0.092,150.1,2705.6,11100,Engineering & Construction,Houston,TX,no
EQT,3064.7,0.2,-1155.8,12955.4,693,3058.8,-0.307,-967.2,5181.1,624,Energy,Pittsburgh,PA,no
Brown & Brown,3051.4,16.8,587.1,20395.7,"12,023",2613.4,0.092,480.5,12958.2,10843,Financials,Daytona Beach,FL,no
LGI Homes,3050.1,28.8,429.6,2322.4,952,2367.9,0.288,323.9,3712.4,938,Engineering & Construction,The Woodlands,TX,no
Hyatt Hotels,3028.0,46.6,-222.0,10498.3,"44,000",2066.0,-0.588,-703.0,8377.5,37000,"Hotels, Restaurants & Leisure",Chicago,IL,no
Comerica,3024.0,-2.3,1168.0,11854.4,"7,442",3094.0,-0.189,474.0,10007.1,7681,Financials,Dallas,TX,no
Energizer Holdings,3021.5,5.6,160.9,2191.7,"6,000",2860.6,0.048,-93.3,3244.7,5900,Household Products,St. Louis,MO,no
Rackspace Technology,3009.5,11.2,-218.3,2365.6,"6,600",2707.1,0.11,-245.8,4887.3,7200,Technology,San Antonio,TX,no
Verisk Analytics,2998.6,7.7,666.2,34616.2,"9,367",2784.6,0.068,712.7,28763.6,8960,Business Services,Jersey City,NJ,no
Spectrum Brands Holdings,2998.1,-24.4,189.6,3617.6,"12,100",3964.2,-0.042,97.8,3622.9,12100,Household Products,Middleton,WI,no
Euronet Worldwide,2995.4,20.7,70.7,6658.2,"8,800",2482.7,-0.097,-3.4,7295.7,8100,Business Services,Leawood,KS,no
TEGNA,2991.1,1.8,477.0,4962.6,"6,200",2937.8,0.278,482.8,4154.4,6430,Media,Tysons,VA,no
Cadence Design Systems,2988.2,11.4,696.0,45781.7,"9,298",2682.9,0.148,590.6,38229.9,8746,Technology,San Jose,CA,no
Incyte,2986.3,12.0,948.6,17577.6,"2,094",2666.7,0.235,-295.7,17866.7,1773,Health Care,Wilmington,DE,no
Match Group,2983.3,24.8,277.7,31007.0,"2,520",2391.3,-0.497,128.6,36951.3,1890,Technology,Dallas,TX,no
Valvoline,2981.0,26.7,420.0,5660.5,"9,800",2353.0,-0.015,317.0,4729.7,8800,Chemicals,Lexington,KY,no
EnerSys,2977.9,-3.6,143.4,3076.0,"11,400",3087.9,0.1,137.1,3876.0,11400,Industrials,Reading,PA,no
Avaya Holdings,2973.0,3.5,-13.0,1076.0,"8,063",2873.0,-0.005,-680.0,2351.8,8266,Technology,Durham,NC,no
UWM Holdings,2970.3,-39.9,98.4,7223.5,"8,000",4938.6,2.863,3382.5,12729.0,7500,Financials,Pontiac,MI,no
Zions Bancorp.,2970.0,1.0,1129.0,9958.2,"9,685",2942.0,-0.093,539.0,8993.3,9678,Financials,Salt Lake City,UT,no
Quad/Graphics,2960.4,-1.6,37.8,388.5,"15,100",3009.0,-0.273,-128.3,194.9,15800,Media,Sussex,WI,no
MKS Instruments,2949.6,26.6,551.4,8327.6,"6,200",2330.0,0.226,350.1,10245.4,5600,Technology,Andover,MA,no
Arista Networks,2948.0,27.2,840.9,42773.4,"2,993",2317.5,-0.039,634.6,23043.7,2613,Technology,Santa Clara,CA,yes
Interactive Brokers Group,2938.0,18.5,308.0,27961.7,"2,571",2479.0,-0.039,195.0,6634.3,2033,Financials,Greenwich,CT,no
Range Resources,2930.2,48.8,411.8,7964.0,527,1968.7,-0.304,-711.8,2671.0,533,Energy,Fort Worth,TX,no
Cheesecake Factory,2927.5,47.6,72.4,2098.6,"45,800",1983.2,-0.201,-253.4,2715.4,42500,"Hotels, Restaurants & Leisure",Calabasas Hills,CA,no
First Solar,2923.4,7.8,468.7,8904.4,"4,800",2711.3,-0.115,398.4,9252.6,5100,Energy,Tempe,AZ,no
Bio-Rad Laboratories,2922.5,14.8,4245.9,16982.2,"7,900",2545.6,0.101,3806.3,17046.3,8000,Technology,Hercules,CA,no
Newmark Group,2906.4,52.6,750.7,3009.9,"6,169",1905.0,-0.141,80.1,1834.6,5742,Financials,New York,NY,no
PC Connection,2892.6,11.7,69.9,1375.8,"2,542",2590.3,-0.081,55.8,1214.3,2598,Wholesalers,Merrimack,NH,no
Boston Properties,2888.6,4.4,505.2,20179.9,743,2765.7,-0.066,872.7,15776.9,750,Financials,Boston,MA,no
Western Midstream Partners,2877.2,3.8,916.3,10177.4,"1,127",2772.6,0.01,527.0,7678.8,1045,Energy,The Woodlands,TX,no
Magellan Midstream Partners,2870.1,18.2,982.0,10422.1,"1,715",2427.8,-0.11,817.0,9681.5,1720,Energy,Tulsa,OK,no
Hillenbrand,2864.8,13.8,249.9,3216.2,"10,500",2517.0,0.393,-60.1,3580.8,11000,Industrials,Batesville,IN,yes
Donaldson,2853.9,10.5,286.9,6416.4,"13,100",2581.8,-0.092,257.0,7335.3,12400,Industrials,Minneapolis,MN,no
Moog,2852.0,-1.1,157.2,2814.6,"14,000",2884.6,-0.007,9.2,2664.8,12623,Aerospace & Defense,East Aurora,NY,no
Hawaiian Electric Industries,2850.4,10.5,246.2,4630.0,"3,623",2579.8,-0.103,197.8,4855.4,3702,Energy,Honolulu,HI,no
Five Below,2848.4,45.2,278.8,8825.0,"13,150",1962.1,0.062,123.4,10677.2,12050,Retailing,Philadelphia,PA,no
Fleetcor Technologies,2833.7,18.6,839.5,19398.4,"9,700",2388.9,-0.098,704.2,22408.1,8400,Business Services,Atlanta,GA,no
West Pharmaceutical Services,2831.6,31.9,661.8,30508.2,"10,065",2146.9,0.167,346.2,20809.5,9200,Health Care,Exton,PA,no
Green Plains,2827.2,47.0,-66.0,1662.5,859,1923.7,-0.37,-108.8,1208.8,839,Energy,Omaha,NE,no
Cracker Barrel Old Country Store,2821.4,11.8,254.5,2757.6,"70,000",2522.8,-0.179,-32.5,4101.6,55000,"Hotels, Restaurants & Leisure",Lebanon,TN,yes
Virtu Financial,2811.5,-13.2,476.9,6622.1,973,3239.3,1.117,649.2,5974.4,976,Financials,New York,NY,no
Teleflex,2809.6,10.7,485.4,16642.1,"14,000",2537.2,-0.022,335.3,19421.8,14000,Health Care,Wayne,PA,no
Zynga,2800.5,41.8,-104.2,10463.5,"2,952",1974.8,0.494,-429.4,11057.4,2245,Media,San Francisco,CA,no
Waters,2785.9,17.8,692.8,18783.4,"7,800",2365.4,-0.017,521.6,17671.3,7412,Technology,Milford,MA,no
Hovnanian Enterprises,2782.9,18.7,607.8,371.9,"1,784",2343.9,0.162,50.9,650.5,1697,Engineering & Construction,Matawan,NJ,no
Caleres,2777.6,31.2,137.0,727.5,"7,200",2117.1,-0.275,-439.1,827.3,6650,Retailing,St. Louis,MO,yes
FTI Consulting,2776.2,12.8,235.0,5400.1,"6,780",2461.3,0.046,210.7,4797.5,6321,Business Services,Washington,DC,no
Overstock.com,2773.8,8.8,389.4,1897.8,"1,350",2549.8,0.747,56.0,3151.3,1750,Retailing,Midvale,UT,no
Visteon,2773.0,8.8,41.0,3056.1,"10,000",2548.0,-0.135,-56.0,3404.3,10000,Motor Vehicles & Parts,Van Buren Township,MI,no
G-III Apparel Group,2766.5,34.6,200.6,1296.1,"3,250",2055.1,-0.35,23.5,1458.1,3050,Apparel,New York,NY,no
ITT,2765.0,11.6,316.3,6415.4,"9,900",2477.8,-0.129,72.5,7863.7,9700,Industrials,White Plains,NY,no
IDEX,2764.8,17.6,449.4,14591.6,"7,536",2351.6,-0.057,377.8,15891.6,7075,Industrials,Northbrook,IL,no
Popular,2764.8,6.2,934.9,6252.3,"8,351",2603.9,-0.08,506.6,5933.5,8522,Financials,Hato Rey,PR,no
Brookdale Senior Living,2758.3,-22.1,-99.3,1308.3,"28,545",3540.2,-0.127,82.0,1109.9,38250,Health Care,Brentwood,TN,yes
Werner Enterprises,2734.4,15.3,259.1,2697.9,"13,525",2372.2,-0.037,169.1,3208.0,12292,Transportation,Omaha,NE,no
Americold Realty Trust,2714.8,36.6,-30.5,7489.8,"16,275",1987.7,0.114,24.5,9708.5,16300,Financials,Atlanta,GA,no
SkyWest,2713.5,27.6,111.9,1457.6,"15,205",2127.1,-0.284,-8.5,2740.6,12502,Transportation,St. George,UT,no
Primerica,2709.7,22.2,373.4,5326.8,"3,170",2217.5,0.08,386.2,5826.2,2528,Financials,Duluth,GA,no
Nu Skin Enterprises,2695.7,4.4,147.3,2385.6,"19,600",2581.9,0.067,191.4,2689.2,26000,Household Products,Provo,UT,no
Copart,2692.5,22.1,936.5,29798.8,"8,600",2205.6,0.08,699.9,25666.4,7600,Retailing,Dallas,TX,no
PROG Holdings,2677.9,7.8,243.6,1586.9,"2,023",2484.6,-0.371,-61.5,2931.9,1868,Financials,Draper,UT,no
Splunk,2673.7,19.9,-1339.1,23881.6,"7,000",2229.4,-0.055,-908.0,22196.9,6500,Technology,San Francisco,CA,no
MRC Global,2666.0,4.1,-14.0,995.2,"2,600",2560.0,-0.301,-274.0,746.6,2600,Energy,Houston,TX,no
Stericycle,2646.9,-1.1,-27.8,5415.5,"15,465",2675.5,-0.191,-57.3,6184.5,15290,Business Services,Bannockburn,IL,yes
Ensign Group,2627.5,9.4,194.7,4958.3,"25,900",2402.6,0.051,170.5,5132.6,24400,Health Care,San Juan Capistrano,CA,no
Steelcase,2596.2,-30.3,26.1,1339.5,"11,400",3723.7,0.081,199.7,1653.5,13350,Household Products,Grand Rapids,MI,yes
Guess,2591.6,38.1,171.4,1305.5,"12,500",1876.5,-0.299,-81.2,1495.2,11000,Retailing,Los Angeles,CA,no
Playtika Holding,2583.0,8.9,308.5,7965.8,"4,000",2371.5,0.256,92.1,11145.3,3800,Media,Henderson,NV,no
ManTech International,2554.0,1.4,137.0,3517.6,"9,800",2518.4,0.133,120.5,3521.7,9400,Technology,Herndon,VA,no
BrightView Holdings,2553.6,8.8,46.3,1351.5,"20,150",2346.0,-0.024,-41.6,1773.8,19900,Business Services,Blue Bell,PA,no
NortonLifeLock,2552.0,-33.9,554.0,15441.9,"2,800",3858.0,-0.185,3887.0,12371.2,3600,Technology,Tempe,AZ,no
Deckers Outdoor,2545.6,19.4,382.6,7457.8,"3,400",2132.7,0.056,276.1,9307.9,3600,Apparel,Goleta,CA,no
Griffon,2541.7,5.6,79.2,1127.8,"6,700",2407.5,0.09,53.4,1534.8,7400,Materials,New York,NY,no
Curtiss-Wright,2505.9,4.8,267.2,5771.0,"7,800",2391.3,-0.039,201.4,4853.0,8200,Industrials,Davidson,NC,yes
MYR Group,2498.3,11.2,85.0,1594.5,"7,600",2247.4,0.085,58.8,1203.2,7200,Engineering & Construction,Henderson,CO,no
MillerKnoll,2465.1,-0.9,173.1,2617.7,"7,600",2486.6,-0.031,-9.1,2427.0,7600,Household Products,Zeeland,MI,yes
Equity Residential,2464.0,-4.2,1332.9,33802.5,"2,400",2571.7,-0.048,913.6,26693.9,2600,Financials,Chicago,IL,no
DexCom,2448.5,27.1,154.7,49824.5,"6,650",1926.7,0.305,493.6,34755.1,5950,Health Care,San Diego,CA,no
Rollins,2424.3,12.2,350.7,17260.7,"16,482",2161.2,0.072,260.8,16939.1,15616,Business Services,Atlanta,GA,no
Bruker,2417.9,21.7,277.1,9694.7,"7,765",1987.5,-0.041,157.8,9742.6,7400,Technology,Billerica,MA,no
Joann,2417.6,-12.5,56.7,463.2,"13,530",2762.3,0.233,212.3,409.8,27500,Retailing,Hudson,OH,no
Gray Television,2413.0,1.3,90.0,2093.2,"8,801",2381.0,0.122,410.0,1748.1,7140,Media,Atlanta,GA,no
Affiliated Managers Group,2412.4,19.0,565.7,5606.8,"4,050",2027.5,-0.095,202.2,6352.0,3900,Financials,West Palm Beach,FL,no
Summit Materials,2409.7,3.3,152.2,3687.8,"5,500",2332.5,0.05,138.0,3216.6,6000,Materials,Denver,CO,yes
SLM,2409.3,2.4,1160.5,5129.7,"1,450",2353.1,-0.011,880.7,6535.2,1600,Financials,Newark,DE,no
Belden,2408.1,22.1,63.9,2492.5,"7,400",1971.9,-0.209,-55.2,1981.4,6300,Industrials,St. Louis,MO,no
Allison Transmission Holdings,2402.0,15.4,442.0,3810.6,"3,400",2081.0,-0.229,299.0,4536.9,3300,Motor Vehicles & Parts,Indianapolis,IN,no
Portland General Electric,2396.0,11.7,244.0,4940.0,"2,839",2145.0,0.01,155.0,4252.2,3639,Energy,Portland,OR,yes
REV Group,2380.8,4.5,44.4,843.4,"6,800",2277.6,-0.052,-30.5,1236.2,7060,Motor Vehicles & Parts,Brookfield,WI,no
Acadia Healthcare,2376.9,-25.9,190.6,5891.3,"19,200",3209.7,0.033,-672.1,5109.0,35400,Health Care,Franklin,TN,no
Alexandria Real Estate Equities,2373.6,2.9,571.2,32188.6,559,2315.1,0.334,771.0,22458.6,470,Financials,Pasadena,CA,no
Nordson,2362.2,11.4,454.4,13157.1,"6,813",2121.1,-0.033,249.5,11540.5,7555,Industrials,Westlake,OH,no
NewMarket,2356.1,17.2,190.9,3346.7,"2,104",2010.9,-0.082,270.6,4154.4,2105,Chemicals,Richmond,VA,no
Stepan,2346.0,25.5,137.8,2215.6,"2,439",1869.8,0.006,126.8,2858.9,2293,Chemicals,Northbrook,IL,no
Valhi,2335.4,24.3,127.2,828.8,"2,847",1878.1,-0.031,55.2,579.9,2784,Chemicals,Dallas,TX,no
Cooper-Standard Holdings,2330.2,-1.9,-322.8,149.0,"21,300",2375.4,-0.236,-267.6,613.7,26550,Motor Vehicles & Parts,Northville,MI,no
SBA Communications,2308.8,10.8,237.6,37168.7,"1,596",2083.1,0.034,24.1,30343.0,1483,Financials,Boca Raton,FL,no
Murphy Oil,2300.1,16.7,-73.7,6275.3,696,1971.4,-0.53,-1148.8,2532.3,675,Energy,Houston,TX,no
Entegris,2298.9,23.6,409.1,17830.9,"6,850",1859.3,0.169,295.0,15120.7,5800,Technology,Billerica,MA,no
AvalonBay Communities,2294.9,-0.3,1004.3,34710.3,"2,883",2301.3,-0.01,827.6,25744.2,3028,Financials,Arlington,VA,no
E.W. Scripps,2283.5,19.2,122.7,1718.3,"5,600",1915.1,0.345,269.3,1585.5,5400,Media,Cincinnati,OH,no
TTEC Holdings,2273.1,16.6,141.0,3878.0,"65,000",1949.2,0.186,118.6,4695.0,61000,Technology,Englewood,CO,no
GEO Group,2256.6,-4.0,77.4,809.8,"15,800",2350.1,-0.052,113.0,941.3,20000,Business Services,Boca Raton,FL,no
Viasat,2256.1,-2.3,3.7,3630.4,"5,800",2309.2,0.117,-0.2,3294.2,6100,Technology,Carlsbad,CA,no
Benchmark Electronics,2255.3,9.8,35.8,881.4,"10,900",2053.1,-0.095,14.1,1123.2,11234,Technology,Tempe,AZ,no
Kar Auction Services,2251.6,2.9,66.5,2187.3,"8,928",2187.7,-0.376,0.5,1945.5,9400,Wholesalers,Carmel,IN,no
Kirby,2246.7,3.5,-247.0,4345.9,"5,125",2171.4,-0.235,-272.5,3622.0,5400,Transportation,Houston,TX,no
Woodward,2245.8,-10.0,208.6,7882.4,"7,200",2495.7,-0.139,240.4,7605.0,7248,Aerospace & Defense,Fort Collins,CO,no
Clear Channel Outdoor Holdings,2241.1,20.8,-433.8,1630.9,"4,600",1854.6,-0.309,-582.7,842.1,4800,Business Services,San Antonio,TX,no
Spire,2235.5,20.5,271.7,3713.6,"3,710",1855.4,-0.05,88.6,3817.5,3583,Energy,St. Louis,MO,yes
Surgery Partners,2225.1,19.6,-70.9,4919.1,"9,600",1860.1,0.016,-116.1,2649.4,9950,Health Care,Brentwood,TN,no
LHC Group,2219.6,7.6,115.7,5229.6,"23,000",2063.2,-0.008,111.6,6041.2,21150,Health Care,Lafayette,LA,no
Amedisys,2214.1,6.9,209.1,5603.9,"21,000",2105.9,0.077,183.6,8698.0,21000,Health Care,Baton Rouge,LA,no
Aerojet Rocketdyne Holdings,2188.0,5.6,143.7,3169.4,"5,000",2072.7,0.046,137.7,3758.6,4969,Aerospace & Defense,El Segundo,CA,yes
Sleep Number,2184.9,17.7,153.7,1123.7,"5,388",1856.6,0.093,139.2,3560.3,4625,Retailing,Minneapolis,MN,yes
HNI,2184.4,11.7,59.8,1568.7,"8,000",1955.4,-0.13,41.9,1698.5,7600,Household Products,Muscatine,IA,no
Dropbox,2157.9,12.7,335.8,8873.5,"2,667",1913.9,0.152,-256.3,11056.4,2760,Technology,San Francisco,CA,no
New Jersey Resources,2156.6,10.4,117.9,4405.4,"1,251",1953.7,-0.246,193.9,3837.5,1156,Energy,Wall,NJ,no
Harsco,2147.0,14.6,-3.2,969.7,"12,000",1874.1,0.035,-26.3,1354.7,11900,Business Services,Camp Hill,PA,no
Beazer Homes USA,2140.3,0.6,122.0,478.8,"1,052",2127.1,0.019,52.2,653.6,1063,Engineering & Construction,Atlanta,GA,no
Chemed,2139.3,2.9,268.6,7592.5,"14,137",2079.6,0.073,319.5,7372.2,15544,Health Care,Cincinnati,OH,no
